1,1,2026-04-28 12:24:01.580212 +00:00,5,1,0,0,0,1,"{""Bogorodica L1"": {""total"": 1, ""by_type"": {""truck"": 1}}, ""Bogorodica L2"": {""total"": 0, ""by_type"": {}}, ""Bogorodica L3"": {""total"": 0, ""by_type"": {}}, ""Bogorodica L4"": {""total"": 0, ""by_type"": {}}, ""Bogorodica L5"": {""total"": 0, ""by_type"": {}}}",1.5
2,1,2026-04-28 12:29:01.803728 +00:00,5,2,0,0,0,2,"{""Bogorodica L1"": {""total"": 2, ""by_type"": {""truck"": 2}}, ""Bogorodica L2"": {""total"": 0, ""by_type"": {}}, ""Bogorodica L3"": {""total"": 0, ""by_type"": {}}, ""Bogorodica L4"": {""total"": 0, ""by_type"": {}}, ""Bogorodica L5"": {""total"": 0, ""by_type"": {}}}",2.5
3,1,2026-04-28 12:34:02.058987 +00:00,5,2,0,0,0,2,"{""Bogorodica L1"": {""total"": 2, ""by_type"": {""truck"": 2}}, ""Bogorodica L2"": {""total"": 0, ""by_type"": {}}, ""Bogorodica L3"": {""total"": 0, ""by_type"": {}}, ""Bogorodica L4"": {""total"": 0, ""by_type"": {}}, ""Bogorodica L5"": {""total"": 0, ""by_type"": {}}}",2.5
4,1,2026-04-28 12:39:02.340013 +00:00,5,2,0,0,0,2,"{""Bogorodica L1"": {""total"": 2, ""by_type"": {""truck"": 2}}, ""Bogorodica L2"": {""total"": 0, ""by_type"": {}}, ""Bogorodica L3"": {""total"": 0, ""by_type"": {}}, ""Bogorodica L4"": {""total"": 0, ""by_type"": {}}, ""Bogorodica L5"": {""total"": 0, ""by_type"": {}}}",2
5,1,2026-04-28 12:44:02.350256 +00:00,5,0,0,0,0,0,"{""Bogorodica L1"": {""total"": 0, ""by_type"": {}}, ""Bogorodica L2"": {""total"": 0, ""by_type"": {}}, ""Bogorodica L3"": {""total"": 0, ""by_type"": {}}, ""Bogorodica L4"": {""total"": 0, ""by_type"": {}}, ""Bogorodica L5"": {""total"": 0, ""by_type"": {}}}",2
6,1,2026-04-28 12:49:02.386132 +00:00,5,0,0,0,0,0,"{""Bogorodica L1"": {""total"": 0, ""by_type"": {}}, ""Bogorodica L2"": {""total"": 0, ""by_type"": {}}, ""Bogorodica L3"": {""total"": 0, ""by_type"": {}}, ""Bogorodica L4"": {""total"": 0, ""by_type"": {}}, ""Bogorodica L5"": {""total"": 0, ""by_type"": {}}}",3
7,1,2026-04-28 12:54:02.480209 +00:00,5,5,2,0,0,3,"{""Bogorodica L1"": {""total"": 3, ""by_type"": {""truck"": 3}}, ""Bogorodica L2"": {""total"": 0, ""by_type"": {}}, ""Bogorodica L3"": {""total"": 0, ""by_type"": {}}, ""Bogorodica L4"": {""total"": 0, ""by_type"": {}}, ""Bogorodica L5"": {""total"": 2, ""by_type"": {""car"": 2}}}",3
8,1,2026-04-28 12:59:07.352729 +00:00,5,0,0,0,0,0,"{""Bogorodica L1"": {""total"": 0, ""by_type"": {}}, ""Bogorodica L2"": {""total"": 0, ""by_type"": {}}, ""Bogorodica L3"": {""total"": 0, ""by_type"": {}}, ""Bogorodica L4"": {""total"": 0, ""by_type"": {}}, ""Bogorodica L5"": {""total"": 0, ""by_type"": {}}}",0.5
9,1,2026-04-28 13:04:07.628673 +00:00,5,0,0,0,0,0,"{""Bogorodica L1"": {""total"": 0, ""by_type"": {}}, ""Bogorodica L2"": {""total"": 0, ""by_type"": {}}, ""Bogorodica L3"": {""total"": 0, ""by_type"": {}}, ""Bogorodica L4"": {""total"": 0, ""by_type"": {}}, ""Bogorodica L5"": {""total"": 0, ""by_type"": {}}}",3
10,1,2026-04-28 13:09:09.397077 +00:00,5,0,0,0,0,0,"{""Bogorodica L1"": {""total"": 0, ""by_type"": {}}, ""Bogorodica L2"": {""total"": 0, ""by_type"": {}}, ""Bogorodica L3"": {""total"": 0, ""by_type"": {}}, ""Bogorodica L4"": {""total"": 0, ""by_type"": {}}, ""Bogorodica L5"": {""total"": 0, ""by_type"": {}}}",0.5
11,1,2026-04-28 13:14:09.664497 +00:00,5,1,0,0,0,1,"{""Bogorodica L1"": {""total"": 0, ""by_type"": {}}, ""Bogorodica L2"": {""total"": 0, ""by_type"": {}}, ""Bogorodica L3"": {""total"": 0, ""by_type"": {}}, ""Bogorodica L4"": {""total"": 0, ""by_type"": {}}, ""Bogorodica L5"": {""total"": 1, ""by_type"": {""truck"": 1}}}",3
12,1,2026-04-28 13:19:09.825489 +00:00,5,0,0,0,0,0,"{""Bogorodica L1"": {""total"": 0, ""by_type"": {}}, ""Bogorodica L2"": {""total"": 0, ""by_type"": {}}, ""Bogorodica L3"": {""total"": 0, ""by_type"": {}}, ""Bogorodica L4"": {""total"": 0, ""by_type"": {}}, ""Bogorodica L5"": {""total"": 0, ""by_type"": {}}}",2.5
13,1,2026-04-28 13:24:10.211384 +00:00,5,1,0,0,0,1,"{""Bogorodica L1"": {""total"": 1, ""by_type"": {""truck"": 1}}, ""Bogorodica L2"": {""total"": 0, ""by_type"": {}}, ""Bogorodica L3"": {""total"": 0, ""by_type"": {}}, ""Bogorodica L4"": {""total"": 0, ""by_type"": {}}, ""Bogorodica L5"": {""total"": 0, ""by_type"": {}}}",3
14,1,2026-04-28 13:29:10.575176 +00:00,5,2,0,0,0,2,"{""Bogorodica L1"": {""total"": 2, ""by_type"": {""truck"": 2}}, ""Bogorodica L2"": {""total"": 0, ""by_type"": {}}, ""Bogorodica L3"": {""total"": 0, ""by_type"": {}}, ""Bogorodica L4"": {""total"": 0, ""by_type"": {}}, ""Bogorodica L5"": {""total"": 0, ""by_type"": {}}}",2.5
15,1,2026-04-28 13:34:10.882241 +00:00,5,2,1,0,0,1,"{""Bogorodica L1"": {""total"": 1, ""by_type"": {""truck"": 1}}, ""Bogorodica L2"": {""total"": 0, ""by_type"": {}}, ""Bogorodica L3"": {""total"": 0, ""by_type"": {}}, ""Bogorodica L4"": {""total"": 0, ""by_type"": {}}, ""Bogorodica L5"": {""total"": 1, ""by_type"": {""car"": 1}}}",2.5
16,1,2026-04-28 13:39:11.073650 +00:00,5,5,1,0,0,4,"{""Bogorodica L1"": {""total"": 4, ""by_type"": {""truck"": 4}}, ""Bogorodica L2"": {""total"": 0, ""by_type"": {}}, ""Bogorodica L3"": {""total"": 0, ""by_type"": {}}, ""Bogorodica L4"": {""total"": 0, ""by_type"": {}}, ""Bogorodica L5"": {""total"": 1, ""by_type"": {""car"": 1}}}",1.5
17,1,2026-04-28 13:44:11.411081 +00:00,5,3,0,0,0,3,"{""Bogorodica L1"": {""total"": 3, ""by_type"": {""truck"": 3}}, ""Bogorodica L2"": {""total"": 0, ""by_type"": {}}, ""Bogorodica L3"": {""total"": 0, ""by_type"": {}}, ""Bogorodica L4"": {""total"": 0, ""by_type"": {}}, ""Bogorodica L5"": {""total"": 0, ""by_type"": {}}}",2.5
18,1,2026-04-28 13:49:11.588478 +00:00,5,3,0,0,0,3,"{""Bogorodica L1"": {""total"": 3, ""by_type"": {""truck"": 3}}, ""Bogorodica L2"": {""total"": 0, ""by_type"": {}}, ""Bogorodica L3"": {""total"": 0, ""by_type"": {}}, ""Bogorodica L4"": {""total"": 0, ""by_type"": {}}, ""Bogorodica L5"": {""total"": 0, ""by_type"": {}}}",2.5
19,1,2026-04-28 13:54:11.795728 +00:00,5,3,0,0,0,3,"{""Bogorodica L1"": {""total"": 3, ""by_type"": {""truck"": 3}}, ""Bogorodica L2"": {""total"": 0, ""by_type"": {}}, ""Bogorodica L3"": {""total"": 0, ""by_type"": {}}, ""Bogorodica L4"": {""total"": 0, ""by_type"": {}}, ""Bogorodica L5"": {""total"": 0, ""by_type"": {}}}",3
20,1,2026-04-28 13:59:11.981937 +00:00,5,0,0,0,0,0,"{""Bogorodica L1"": {""total"": 0, ""by_type"": {}}, ""Bogorodica L2"": {""total"": 0, ""by_type"": {}}, ""Bogorodica L3"": {""total"": 0, ""by_type"": {}}, ""Bogorodica L4"": {""total"": 0, ""by_type"": {}}, ""Bogorodica L5"": {""total"": 0, ""by_type"": {}}}",2.5
21,1,2026-04-28 14:04:12.046909 +00:00,5,3,0,0,0,3,"{""Bogorodica L1"": {""total"": 3, ""by_type"": {""truck"": 3}}, ""Bogorodica L2"": {""total"": 0, ""by_type"": {}}, ""Bogorodica L3"": {""total"": 0, ""by_type"": {}}, ""Bogorodica L4"": {""total"": 0, ""by_type"": {}}, ""Bogorodica L5"": {""total"": 0, ""by_type"": {}}}",2.5
22,1,2026-04-28 14:09:12.105891 +00:00,5,2,0,0,0,2,"{""Bogorodica L1"": {""total"": 2, ""by_type"": {""truck"": 2}}, ""Bogorodica L2"": {""total"": 0, ""by_type"": {}}, ""Bogorodica L3"": {""total"": 0, ""by_type"": {}}, ""Bogorodica L4"": {""total"": 0, ""by_type"": {}}, ""Bogorodica L5"": {""total"": 0, ""by_type"": {}}}",2.5
23,1,2026-04-28 14:14:12.208127 +00:00,5,2,0,0,0,2,"{""Bogorodica L1"": {""total"": 2, ""by_type"": {""truck"": 2}}, ""Bogorodica L2"": {""total"": 0, ""by_type"": {}}, ""Bogorodica L3"": {""total"": 0, ""by_type"": {}}, ""Bogorodica L4"": {""total"": 0, ""by_type"": {}}, ""Bogorodica L5"": {""total"": 0, ""by_type"": {}}}",3
24,1,2026-04-28 14:19:13.659945 +00:00,5,1,0,0,0,1,"{""Bogorodica L1"": {""total"": 1, ""by_type"": {""truck"": 1}}, ""Bogorodica L2"": {""total"": 0, ""by_type"": {}}, ""Bogorodica L3"": {""total"": 0, ""by_type"": {}}, ""Bogorodica L4"": {""total"": 0, ""by_type"": {}}, ""Bogorodica L5"": {""total"": 0, ""by_type"": {}}}",0.5
25,1,2026-04-28 14:24:13.984543 +00:00,5,5,1,0,0,4,"{""Bogorodica L1"": {""total"": 4, ""by_type"": {""truck"": 4}}, ""Bogorodica L2"": {""total"": 0, ""by_type"": {}}, ""Bogorodica L3"": {""total"": 0, ""by_type"": {}}, ""Bogorodica L4"": {""total"": 0, ""by_type"": {}}, ""Bogorodica L5"": {""total"": 1, ""by_type"": {""car"": 1}}}",3
26,1,2026-04-28 14:29:14.239265 +00:00,5,4,1,0,0,3,"{""Bogorodica L1"": {""total"": 3, ""by_type"": {""truck"": 3}}, ""Bogorodica L2"": {""total"": 0, ""by_type"": {}}, ""Bogorodica L3"": {""total"": 0, ""by_type"": {}}, ""Bogorodica L4"": {""total"": 0, ""by_type"": {}}, ""Bogorodica L5"": {""total"": 1, ""by_type"": {""car"": 1}}}",3
27,1,2026-04-28 14:34:14.279283 +00:00,5,1,1,0,0,0,"{""Bogorodica L1"": {""total"": 0, ""by_type"": {}}, ""Bogorodica L2"": {""total"": 0, ""by_type"": {}}, ""Bogorodica L3"": {""total"": 0, ""by_type"": {}}, ""Bogorodica L4"": {""total"": 0, ""by_type"": {}}, ""Bogorodica L5"": {""total"": 1, ""by_type"": {""car"": 1}}}",3
28,1,2026-04-28 14:39:14.409919 +00:00,5,2,0,0,0,2,"{""Bogorodica L1"": {""total"": 2, ""by_type"": {""truck"": 2}}, ""Bogorodica L2"": {""total"": 0, ""by_type"": {}}, ""Bogorodica L3"": {""total"": 0, ""by_type"": {}}, ""Bogorodica L4"": {""total"": 0, ""by_type"": {}}, ""Bogorodica L5"": {""total"": 0, ""by_type"": {}}}",3
29,1,2026-04-28 14:44:14.508383 +00:00,5,6,2,0,0,4,"{""Bogorodica L1"": {""total"": 4, ""by_type"": {""truck"": 4}}, ""Bogorodica L2"": {""total"": 0, ""by_type"": {}}, ""Bogorodica L3"": {""total"": 0, ""by_type"": {}}, ""Bogorodica L4"": {""total"": 0, ""by_type"": {}}, ""Bogorodica L5"": {""total"": 2, ""by_type"": {""car"": 2}}}",3
30,1,2026-04-28 14:49:14.809735 +00:00,5,2,1,0,0,1,"{""Bogorodica L1"": {""total"": 1, ""by_type"": {""truck"": 1}}, ""Bogorodica L2"": {""total"": 0, ""by_type"": {}}, ""Bogorodica L3"": {""total"": 0, ""by_type"": {}}, ""Bogorodica L4"": {""total"": 0, ""by_type"": {}}, ""Bogorodica L5"": {""total"": 1, ""by_type"": {""car"": 1}}}",3
31,1,2026-04-28 14:54:14.908240 +00:00,5,1,0,0,0,1,"{""Bogorodica L1"": {""total"": 1, ""by_type"": {""truck"": 1}}, ""Bogorodica L2"": {""total"": 0, ""by_type"": {}}, ""Bogorodica L3"": {""total"": 0, ""by_type"": {}}, ""Bogorodica L4"": {""total"": 0, ""by_type"": {}}, ""Bogorodica L5"": {""total"": 0, ""by_type"": {}}}",3
32,1,2026-04-28 14:59:15.218350 +00:00,5,3,0,0,0,3,"{""Bogorodica L1"": {""total"": 3, ""by_type"": {""truck"": 3}}, ""Bogorodica L2"": {""total"": 0, ""by_type"": {}}, ""Bogorodica L3"": {""total"": 0, ""by_type"": {}}, ""Bogorodica L4"": {""total"": 0, ""by_type"": {}}, ""Bogorodica L5"": {""total"": 0, ""by_type"": {}}}",3
33,1,2026-04-28 15:04:15.419472 +00:00,5,4,0,0,0,4,"{""Bogorodica L1"": {""total"": 4, ""by_type"": {""truck"": 4}}, ""Bogorodica L2"": {""total"": 0, ""by_type"": {}}, ""Bogorodica L3"": {""total"": 0, ""by_type"": {}}, ""Bogorodica L4"": {""total"": 0, ""by_type"": {}}, ""Bogorodica L5"": {""total"": 0, ""by_type"": {}}}",3
34,1,2026-04-28 15:09:15.721363 +00:00,5,6,2,0,0,4,"{""Bogorodica L1"": {""total"": 4, ""by_type"": {""truck"": 4}}, ""Bogorodica L2"": {""total"": 0, ""by_type"": {}}, ""Bogorodica L3"": {""total"": 0, ""by_type"": {}}, ""Bogorodica L4"": {""total"": 0, ""by_type"": {}}, ""Bogorodica L5"": {""total"": 2, ""by_type"": {""car"": 2}}}",3
35,1,2026-04-28 15:14:15.890247 +00:00,5,3,0,0,0,3,"{""Bogorodica L1"": {""total"": 3, ""by_type"": {""truck"": 3}}, ""Bogorodica L2"": {""total"": 0, ""by_type"": {}}, ""Bogorodica L3"": {""total"": 0, ""by_type"": {}}, ""Bogorodica L4"": {""total"": 0, ""by_type"": {}}, ""Bogorodica L5"": {""total"": 0, ""by_type"": {}}}",3
36,1,2026-04-28 15:19:15.988009 +00:00,5,3,0,0,0,3,"{""Bogorodica L1"": {""total"": 3, ""by_type"": {""truck"": 3}}, ""Bogorodica L2"": {""total"": 0, ""by_type"": {}}, ""Bogorodica L3"": {""total"": 0, ""by_type"": {}}, ""Bogorodica L4"": {""total"": 0, ""by_type"": {}}, ""Bogorodica L5"": {""total"": 0, ""by_type"": {}}}",3
37,1,2026-04-28 15:24:16.037717 +00:00,5,3,0,0,0,3,"{""Bogorodica L1"": {""total"": 3, ""by_type"": {""truck"": 3}}, ""Bogorodica L2"": {""total"": 0, ""by_type"": {}}, ""Bogorodica L3"": {""total"": 0, ""by_type"": {}}, ""Bogorodica L4"": {""total"": 0, ""by_type"": {}}, ""Bogorodica L5"": {""total"": 0, ""by_type"": {}}}",3
38,1,2026-04-28 15:29:16.315116 +00:00,5,2,0,0,0,2,"{""Bogorodica L1"": {""total"": 2, ""by_type"": {""truck"": 2}}, ""Bogorodica L2"": {""total"": 0, ""by_type"": {}}, ""Bogorodica L3"": {""total"": 0, ""by_type"": {}}, ""Bogorodica L4"": {""total"": 0, ""by_type"": {}}, ""Bogorodica L5"": {""total"": 0, ""by_type"": {}}}",3
39,1,2026-04-28 15:34:16.388486 +00:00,5,0,0,0,0,0,"{""Bogorodica L1"": {""total"": 0, ""by_type"": {}}, ""Bogorodica L2"": {""total"": 0, ""by_type"": {}}, ""Bogorodica L3"": {""total"": 0, ""by_type"": {}}, ""Bogorodica L4"": {""total"": 0, ""by_type"": {}}, ""Bogorodica L5"": {""total"": 0, ""by_type"": {}}}",3
40,1,2026-04-28 15:39:16.737838 +00:00,5,3,0,0,0,3,"{""Bogorodica L1"": {""total"": 3, ""by_type"": {""truck"": 3}}, ""Bogorodica L2"": {""total"": 0, ""by_type"": {}}, ""Bogorodica L3"": {""total"": 0, ""by_type"": {}}, ""Bogorodica L4"": {""total"": 0, ""by_type"": {}}, ""Bogorodica L5"": {""total"": 0, ""by_type"": {}}}",3
41,1,2026-04-28 15:44:16.814684 +00:00,5,4,1,0,0,3,"{""Bogorodica L1"": {""total"": 3, ""by_type"": {""truck"": 3}}, ""Bogorodica L2"": {""total"": 0, ""by_type"": {}}, ""Bogorodica L3"": {""total"": 0, ""by_type"": {}}, ""Bogorodica L4"": {""total"": 0, ""by_type"": {}}, ""Bogorodica L5"": {""total"": 1, ""by_type"": {""car"": 1}}}",3
42,1,2026-04-28 15:49:16.958208 +00:00,5,4,2,0,0,2,"{""Bogorodica L1"": {""total"": 2, ""by_type"": {""truck"": 2}}, ""Bogorodica L2"": {""total"": 0, ""by_type"": {}}, ""Bogorodica L3"": {""total"": 0, ""by_type"": {}}, ""Bogorodica L4"": {""total"": 1, ""by_type"": {""car"": 1}}, ""Bogorodica L5"": {""total"": 1, ""by_type"": {""car"": 1}}}",3
43,1,2026-04-28 15:54:17.100017 +00:00,5,3,0,0,1,2,"{""Bogorodica L1"": {""total"": 2, ""by_type"": {""truck"": 2}}, ""Bogorodica L2"": {""total"": 1, ""by_type"": {""bus"": 1}}, ""Bogorodica L3"": {""total"": 0, ""by_type"": {}}, ""Bogorodica L4"": {""total"": 0, ""by_type"": {}}, ""Bogorodica L5"": {""total"": 0, ""by_type"": {}}}",3
44,1,2026-04-28 15:59:17.198161 +00:00,5,5,1,0,0,4,"{""Bogorodica L1"": {""total"": 3, ""by_type"": {""truck"": 3}}, ""Bogorodica L2"": {""total"": 0, ""by_type"": {}}, ""Bogorodica L3"": {""total"": 0, ""by_type"": {}}, ""Bogorodica L4"": {""total"": 0, ""by_type"": {}}, ""Bogorodica L5"": {""total"": 2, ""by_type"": {""car"": 1, ""truck"": 1}}}",3
45,1,2026-04-28 16:04:17.547624 +00:00,5,3,0,0,0,3,"{""Bogorodica L1"": {""total"": 3, ""by_type"": {""truck"": 3}}, ""Bogorodica L2"": {""total"": 0, ""by_type"": {}}, ""Bogorodica L3"": {""total"": 0, ""by_type"": {}}, ""Bogorodica L4"": {""total"": 0, ""by_type"": {}}, ""Bogorodica L5"": {""total"": 0, ""by_type"": {}}}",3
46,1,2026-04-28 16:09:17.879717 +00:00,5,1,0,0,0,1,"{""Bogorodica L1"": {""total"": 1, ""by_type"": {""truck"": 1}}, ""Bogorodica L2"": {""total"": 0, ""by_type"": {}}, ""Bogorodica L3"": {""total"": 0, ""by_type"": {}}, ""Bogorodica L4"": {""total"": 0, ""by_type"": {}}, ""Bogorodica L5"": {""total"": 0, ""by_type"": {}}}",3
47,1,2026-04-28 16:14:18.237846 +00:00,5,4,2,0,0,2,"{""Bogorodica L1"": {""total"": 2, ""by_type"": {""truck"": 2}}, ""Bogorodica L2"": {""total"": 0, ""by_type"": {}}, ""Bogorodica L3"": {""total"": 0, ""by_type"": {}}, ""Bogorodica L4"": {""total"": 0, ""by_type"": {}}, ""Bogorodica L5"": {""total"": 2, ""by_type"": {""car"": 2}}}",3
48,1,2026-04-28 16:19:18.428917 +00:00,5,4,1,0,0,3,"{""Bogorodica L1"": {""total"": 3, ""by_type"": {""truck"": 3}}, ""Bogorodica L2"": {""total"": 0, ""by_type"": {}}, ""Bogorodica L3"": {""total"": 0, ""by_type"": {}}, ""Bogorodica L4"": {""total"": 0, ""by_type"": {}}, ""Bogorodica L5"": {""total"": 1, ""by_type"": {""car"": 1}}}",3
49,1,2026-04-28 16:24:18.743490 +00:00,5,4,0,0,0,4,"{""Bogorodica L1"": {""total"": 4, ""by_type"": {""truck"": 4}}, ""Bogorodica L2"": {""total"": 0, ""by_type"": {}}, ""Bogorodica L3"": {""total"": 0, ""by_type"": {}}, ""Bogorodica L4"": {""total"": 0, ""by_type"": {}}, ""Bogorodica L5"": {""total"": 0, ""by_type"": {}}}",3
50,1,2026-04-28 16:29:18.958614 +00:00,5,4,0,0,0,4,"{""Bogorodica L1"": {""total"": 4, ""by_type"": {""truck"": 4}}, ""Bogorodica L2"": {""total"": 0, ""by_type"": {}}, ""Bogorodica L3"": {""total"": 0, ""by_type"": {}}, ""Bogorodica L4"": {""total"": 0, ""by_type"": {}}, ""Bogorodica L5"": {""total"": 0, ""by_type"": {}}}",3
51,1,2026-04-28 16:34:19.223647 +00:00,5,4,0,0,0,4,"{""Bogorodica L1"": {""total"": 4, ""by_type"": {""truck"": 4}}, ""Bogorodica L2"": {""total"": 0, ""by_type"": {}}, ""Bogorodica L3"": {""total"": 0, ""by_type"": {}}, ""Bogorodica L4"": {""total"": 0, ""by_type"": {}}, ""Bogorodica L5"": {""total"": 0, ""by_type"": {}}}",3
52,1,2026-04-28 16:39:19.449510 +00:00,5,2,1,0,0,1,"{""Bogorodica L1"": {""total"": 1, ""by_type"": {""truck"": 1}}, ""Bogorodica L2"": {""total"": 0, ""by_type"": {}}, ""Bogorodica L3"": {""total"": 0, ""by_type"": {}}, ""Bogorodica L4"": {""total"": 0, ""by_type"": {}}, ""Bogorodica L5"": {""total"": 1, ""by_type"": {""car"": 1}}}",3
53,1,2026-04-28 16:44:19.466328 +00:00,5,3,0,0,0,3,"{""Bogorodica L1"": {""total"": 3, ""by_type"": {""truck"": 3}}, ""Bogorodica L2"": {""total"": 0, ""by_type"": {}}, ""Bogorodica L3"": {""total"": 0, ""by_type"": {}}, ""Bogorodica L4"": {""total"": 0, ""by_type"": {}}, ""Bogorodica L5"": {""total"": 0, ""by_type"": {}}}",3
54,1,2026-04-28 16:49:19.526652 +00:00,5,9,7,0,0,2,"{""Bogorodica L1"": {""total"": 2, ""by_type"": {""truck"": 2}}, ""Bogorodica L2"": {""total"": 0, ""by_type"": {}}, ""Bogorodica L3"": {""total"": 0, ""by_type"": {}}, ""Bogorodica L4"": {""total"": 3, ""by_type"": {""car"": 3}}, ""Bogorodica L5"": {""total"": 4, ""by_type"": {""car"": 4}}}",3
55,1,2026-04-28 16:54:19.717270 +00:00,5,3,0,0,0,3,"{""Bogorodica L1"": {""total"": 3, ""by_type"": {""truck"": 3}}, ""Bogorodica L2"": {""total"": 0, ""by_type"": {}}, ""Bogorodica L3"": {""total"": 0, ""by_type"": {}}, ""Bogorodica L4"": {""total"": 0, ""by_type"": {}}, ""Bogorodica L5"": {""total"": 0, ""by_type"": {}}}",3
56,1,2026-04-28 16:59:20.008171 +00:00,5,2,1,0,0,1,"{""Bogorodica L1"": {""total"": 1, ""by_type"": {""truck"": 1}}, ""Bogorodica L2"": {""total"": 0, ""by_type"": {}}, ""Bogorodica L3"": {""total"": 0, ""by_type"": {}}, ""Bogorodica L4"": {""total"": 0, ""by_type"": {}}, ""Bogorodica L5"": {""total"": 1, ""by_type"": {""car"": 1}}}",3
57,1,2026-04-28 17:04:20.313025 +00:00,5,3,0,0,0,3,"{""Bogorodica L1"": {""total"": 3, ""by_type"": {""truck"": 3}}, ""Bogorodica L2"": {""total"": 0, ""by_type"": {}}, ""Bogorodica L3"": {""total"": 0, ""by_type"": {}}, ""Bogorodica L4"": {""total"": 0, ""by_type"": {}}, ""Bogorodica L5"": {""total"": 0, ""by_type"": {}}}",3
58,1,2026-04-28 17:09:20.387299 +00:00,5,2,0,0,1,1,"{""Bogorodica L1"": {""total"": 1, ""by_type"": {""truck"": 1}}, ""Bogorodica L2"": {""total"": 1, ""by_type"": {""bus"": 1}}, ""Bogorodica L3"": {""total"": 0, ""by_type"": {}}, ""Bogorodica L4"": {""total"": 0, ""by_type"": {}}, ""Bogorodica L5"": {""total"": 0, ""by_type"": {}}}",3
59,1,2026-04-28 17:14:20.635935 +00:00,5,8,2,0,4,2,"{""Bogorodica L1"": {""total"": 5, ""by_type"": {""bus"": 3, ""truck"": 2}}, ""Bogorodica L2"": {""total"": 1, ""by_type"": {""bus"": 1}}, ""Bogorodica L3"": {""total"": 0, ""by_type"": {}}, ""Bogorodica L4"": {""total"": 0, ""by_type"": {}}, ""Bogorodica L5"": {""total"": 2, ""by_type"": {""car"": 2}}}",3
60,1,2026-04-28 17:19:20.952054 +00:00,5,9,2,0,5,2,"{""Bogorodica L1"": {""total"": 5, ""by_type"": {""bus"": 3, ""truck"": 2}}, ""Bogorodica L2"": {""total"": 2, ""by_type"": {""bus"": 2}}, ""Bogorodica L3"": {""total"": 0, ""by_type"": {}}, ""Bogorodica L4"": {""total"": 0, ""by_type"": {}}, ""Bogorodica L5"": {""total"": 2, ""by_type"": {""car"": 2}}}",3
61,1,2026-04-28 17:24:20.963574 +00:00,5,2,1,0,1,0,"{""Bogorodica L1"": {""total"": 0, ""by_type"": {}}, ""Bogorodica L2"": {""total"": 2, ""by_type"": {""bus"": 1, ""car"": 1}}, ""Bogorodica L3"": {""total"": 0, ""by_type"": {}}, ""Bogorodica L4"": {""total"": 0, ""by_type"": {}}, ""Bogorodica L5"": {""total"": 0, ""by_type"": {}}}",3
62,1,2026-04-28 17:29:21.264040 +00:00,5,3,1,0,0,2,"{""Bogorodica L1"": {""total"": 2, ""by_type"": {""truck"": 2}}, ""Bogorodica L2"": {""total"": 0, ""by_type"": {}}, ""Bogorodica L3"": {""total"": 0, ""by_type"": {}}, ""Bogorodica L4"": {""total"": 1, ""by_type"": {""car"": 1}}, ""Bogorodica L5"": {""total"": 0, ""by_type"": {}}}",3
63,1,2026-04-28 17:34:21.438995 +00:00,5,1,0,0,1,0,"{""Bogorodica L1"": {""total"": 0, ""by_type"": {}}, ""Bogorodica L2"": {""total"": 1, ""by_type"": {""bus"": 1}}, ""Bogorodica L3"": {""total"": 0, ""by_type"": {}}, ""Bogorodica L4"": {""total"": 0, ""by_type"": {}}, ""Bogorodica L5"": {""total"": 0, ""by_type"": {}}}",3
64,1,2026-04-28 17:39:21.468618 +00:00,5,0,0,0,0,0,"{""Bogorodica L1"": {""total"": 0, ""by_type"": {}}, ""Bogorodica L2"": {""total"": 0, ""by_type"": {}}, ""Bogorodica L3"": {""total"": 0, ""by_type"": {}}, ""Bogorodica L4"": {""total"": 0, ""by_type"": {}}, ""Bogorodica L5"": {""total"": 0, ""by_type"": {}}}",3
65,1,2026-04-28 17:44:21.691077 +00:00,5,3,1,0,0,2,"{""Bogorodica L1"": {""total"": 2, ""by_type"": {""truck"": 2}}, ""Bogorodica L2"": {""total"": 0, ""by_type"": {}}, ""Bogorodica L3"": {""total"": 0, ""by_type"": {}}, ""Bogorodica L4"": {""total"": 0, ""by_type"": {}}, ""Bogorodica L5"": {""total"": 1, ""by_type"": {""car"": 1}}}",3
66,1,2026-04-28 17:49:22.023806 +00:00,5,0,0,0,0,0,"{""Bogorodica L1"": {""total"": 0, ""by_type"": {}}, ""Bogorodica L2"": {""total"": 0, ""by_type"": {}}, ""Bogorodica L3"": {""total"": 0, ""by_type"": {}}, ""Bogorodica L4"": {""total"": 0, ""by_type"": {}}, ""Bogorodica L5"": {""total"": 0, ""by_type"": {}}}",3
67,1,2026-04-28 17:54:22.251989 +00:00,5,2,0,0,0,2,"{""Bogorodica L1"": {""total"": 2, ""by_type"": {""truck"": 2}}, ""Bogorodica L2"": {""total"": 0, ""by_type"": {}}, ""Bogorodica L3"": {""total"": 0, ""by_type"": {}}, ""Bogorodica L4"": {""total"": 0, ""by_type"": {}}, ""Bogorodica L5"": {""total"": 0, ""by_type"": {}}}",3
68,1,2026-04-28 17:59:22.610286 +00:00,5,2,0,0,0,2,"{""Bogorodica L1"": {""total"": 2, ""by_type"": {""truck"": 2}}, ""Bogorodica L2"": {""total"": 0, ""by_type"": {}}, ""Bogorodica L3"": {""total"": 0, ""by_type"": {}}, ""Bogorodica L4"": {""total"": 0, ""by_type"": {}}, ""Bogorodica L5"": {""total"": 0, ""by_type"": {}}}",3
69,1,2026-04-28 18:04:22.655630 +00:00,5,3,1,0,0,2,"{""Bogorodica L1"": {""total"": 2, ""by_type"": {""truck"": 2}}, ""Bogorodica L2"": {""total"": 0, ""by_type"": {}}, ""Bogorodica L3"": {""total"": 0, ""by_type"": {}}, ""Bogorodica L4"": {""total"": 0, ""by_type"": {}}, ""Bogorodica L5"": {""total"": 1, ""by_type"": {""car"": 1}}}",3
70,1,2026-04-28 18:09:23.010447 +00:00,5,0,0,0,0,0,"{""Bogorodica L1"": {""total"": 0, ""by_type"": {}}, ""Bogorodica L2"": {""total"": 0, ""by_type"": {}}, ""Bogorodica L3"": {""total"": 0, ""by_type"": {}}, ""Bogorodica L4"": {""total"": 0, ""by_type"": {}}, ""Bogorodica L5"": {""total"": 0, ""by_type"": {}}}",3
71,1,2026-04-28 18:14:23.057051 +00:00,5,2,1,0,0,1,"{""Bogorodica L1"": {""total"": 1, ""by_type"": {""truck"": 1}}, ""Bogorodica L2"": {""total"": 0, ""by_type"": {}}, ""Bogorodica L3"": {""total"": 0, ""by_type"": {}}, ""Bogorodica L4"": {""total"": 1, ""by_type"": {""car"": 1}}, ""Bogorodica L5"": {""total"": 0, ""by_type"": {}}}",3
72,1,2026-04-28 18:19:23.123481 +00:00,5,2,0,0,0,2,"{""Bogorodica L1"": {""total"": 2, ""by_type"": {""truck"": 2}}, ""Bogorodica L2"": {""total"": 0, ""by_type"": {}}, ""Bogorodica L3"": {""total"": 0, ""by_type"": {}}, ""Bogorodica L4"": {""total"": 0, ""by_type"": {}}, ""Bogorodica L5"": {""total"": 0, ""by_type"": {}}}",3
73,1,2026-04-28 18:24:23.169618 +00:00,5,7,4,0,0,3,"{""Bogorodica L1"": {""total"": 3, ""by_type"": {""truck"": 3}}, ""Bogorodica L2"": {""total"": 0, ""by_type"": {}}, ""Bogorodica L3"": {""total"": 0, ""by_type"": {}}, ""Bogorodica L4"": {""total"": 1, ""by_type"": {""car"": 1}}, ""Bogorodica L5"": {""total"": 3, ""by_type"": {""car"": 3}}}",3
74,1,2026-04-28 18:29:23.470583 +00:00,5,1,0,0,0,1,"{""Bogorodica L1"": {""total"": 1, ""by_type"": {""truck"": 1}}, ""Bogorodica L2"": {""total"": 0, ""by_type"": {}}, ""Bogorodica L3"": {""total"": 0, ""by_type"": {}}, ""Bogorodica L4"": {""total"": 0, ""by_type"": {}}, ""Bogorodica L5"": {""total"": 0, ""by_type"": {}}}",3
75,1,2026-04-28 18:34:23.634985 +00:00,5,4,1,0,0,3,"{""Bogorodica L1"": {""total"": 3, ""by_type"": {""truck"": 3}}, ""Bogorodica L2"": {""total"": 0, ""by_type"": {}}, ""Bogorodica L3"": {""total"": 0, ""by_type"": {}}, ""Bogorodica L4"": {""total"": 0, ""by_type"": {}}, ""Bogorodica L5"": {""total"": 1, ""by_type"": {""car"": 1}}}",3
76,1,2026-04-28 18:39:23.907672 +00:00,5,2,0,0,0,2,"{""Bogorodica L1"": {""total"": 2, ""by_type"": {""truck"": 2}}, ""Bogorodica L2"": {""total"": 0, ""by_type"": {}}, ""Bogorodica L3"": {""total"": 0, ""by_type"": {}}, ""Bogorodica L4"": {""total"": 0, ""by_type"": {}}, ""Bogorodica L5"": {""total"": 0, ""by_type"": {}}}",3
77,1,2026-04-28 18:44:24.048019 +00:00,5,4,0,0,0,4,"{""Bogorodica L1"": {""total"": 4, ""by_type"": {""truck"": 4}}, ""Bogorodica L2"": {""total"": 0, ""by_type"": {}}, ""Bogorodica L3"": {""total"": 0, ""by_type"": {}}, ""Bogorodica L4"": {""total"": 0, ""by_type"": {}}, ""Bogorodica L5"": {""total"": 0, ""by_type"": {}}}",3
78,1,2026-04-28 18:49:24.053365 +00:00,5,1,0,0,0,1,"{""Bogorodica L1"": {""total"": 1, ""by_type"": {""truck"": 1}}, ""Bogorodica L2"": {""total"": 0, ""by_type"": {}}, ""Bogorodica L3"": {""total"": 0, ""by_type"": {}}, ""Bogorodica L4"": {""total"": 0, ""by_type"": {}}, ""Bogorodica L5"": {""total"": 0, ""by_type"": {}}}",3
79,1,2026-04-28 18:54:24.058279 +00:00,5,3,1,0,0,2,"{""Bogorodica L1"": {""total"": 2, ""by_type"": {""truck"": 2}}, ""Bogorodica L2"": {""total"": 0, ""by_type"": {}}, ""Bogorodica L3"": {""total"": 0, ""by_type"": {}}, ""Bogorodica L4"": {""total"": 0, ""by_type"": {}}, ""Bogorodica L5"": {""total"": 1, ""by_type"": {""car"": 1}}}",3
80,1,2026-04-28 18:59:55.288492 +00:00,5,2,0,0,0,2,"{""Bogorodica L1"": {""total"": 2, ""by_type"": {""truck"": 2}}, ""Bogorodica L2"": {""total"": 0, ""by_type"": {}}, ""Bogorodica L3"": {""total"": 0, ""by_type"": {}}, ""Bogorodica L4"": {""total"": 0, ""by_type"": {}}, ""Bogorodica L5"": {""total"": 0, ""by_type"": {}}}",2.5
81,1,2026-04-28 19:04:55.663039 +00:00,5,3,0,0,0,3,"{""Bogorodica L1"": {""total"": 3, ""by_type"": {""truck"": 3}}, ""Bogorodica L2"": {""total"": 0, ""by_type"": {}}, ""Bogorodica L3"": {""total"": 0, ""by_type"": {}}, ""Bogorodica L4"": {""total"": 0, ""by_type"": {}}, ""Bogorodica L5"": {""total"": 0, ""by_type"": {}}}",3
82,1,2026-04-28 19:09:55.865413 +00:00,5,2,0,0,0,2,"{""Bogorodica L1"": {""total"": 2, ""by_type"": {""truck"": 2}}, ""Bogorodica L2"": {""total"": 0, ""by_type"": {}}, ""Bogorodica L3"": {""total"": 0, ""by_type"": {}}, ""Bogorodica L4"": {""total"": 0, ""by_type"": {}}, ""Bogorodica L5"": {""total"": 0, ""by_type"": {}}}",3
83,1,2026-04-28 19:14:55.984914 +00:00,5,3,0,0,0,3,"{""Bogorodica L1"": {""total"": 3, ""by_type"": {""truck"": 3}}, ""Bogorodica L2"": {""total"": 0, ""by_type"": {}}, ""Bogorodica L3"": {""total"": 0, ""by_type"": {}}, ""Bogorodica L4"": {""total"": 0, ""by_type"": {}}, ""Bogorodica L5"": {""total"": 0, ""by_type"": {}}}",3
84,1,2026-04-28 19:19:56.312528 +00:00,5,2,0,0,1,1,"{""Bogorodica L1"": {""total"": 1, ""by_type"": {""truck"": 1}}, ""Bogorodica L2"": {""total"": 1, ""by_type"": {""bus"": 1}}, ""Bogorodica L3"": {""total"": 0, ""by_type"": {}}, ""Bogorodica L4"": {""total"": 0, ""by_type"": {}}, ""Bogorodica L5"": {""total"": 0, ""by_type"": {}}}",3
85,1,2026-04-28 19:24:56.373387 +00:00,5,2,1,0,0,1,"{""Bogorodica L1"": {""total"": 2, ""by_type"": {""car"": 1, ""truck"": 1}}, ""Bogorodica L2"": {""total"": 0, ""by_type"": {}}, ""Bogorodica L3"": {""total"": 0, ""by_type"": {}}, ""Bogorodica L4"": {""total"": 0, ""by_type"": {}}, ""Bogorodica L5"": {""total"": 0, ""by_type"": {}}}",3
86,1,2026-04-28 19:29:56.519340 +00:00,5,2,1,0,0,1,"{""Bogorodica L1"": {""total"": 1, ""by_type"": {""truck"": 1}}, ""Bogorodica L2"": {""total"": 0, ""by_type"": {}}, ""Bogorodica L3"": {""total"": 0, ""by_type"": {}}, ""Bogorodica L4"": {""total"": 0, ""by_type"": {}}, ""Bogorodica L5"": {""total"": 1, ""by_type"": {""car"": 1}}}",3
87,1,2026-04-28 19:34:56.861070 +00:00,5,5,3,0,0,2,"{""Bogorodica L1"": {""total"": 2, ""by_type"": {""truck"": 2}}, ""Bogorodica L2"": {""total"": 0, ""by_type"": {}}, ""Bogorodica L3"": {""total"": 0, ""by_type"": {}}, ""Bogorodica L4"": {""total"": 0, ""by_type"": {}}, ""Bogorodica L5"": {""total"": 3, ""by_type"": {""car"": 3}}}",3
88,1,2026-04-28 19:39:56.917555 +00:00,5,1,0,0,0,1,"{""Bogorodica L1"": {""total"": 1, ""by_type"": {""truck"": 1}}, ""Bogorodica L2"": {""total"": 0, ""by_type"": {}}, ""Bogorodica L3"": {""total"": 0, ""by_type"": {}}, ""Bogorodica L4"": {""total"": 0, ""by_type"": {}}, ""Bogorodica L5"": {""total"": 0, ""by_type"": {}}}",3
89,1,2026-04-28 19:44:57.054863 +00:00,5,4,0,0,0,4,"{""Bogorodica L1"": {""total"": 4, ""by_type"": {""truck"": 4}}, ""Bogorodica L2"": {""total"": 0, ""by_type"": {}}, ""Bogorodica L3"": {""total"": 0, ""by_type"": {}}, ""Bogorodica L4"": {""total"": 0, ""by_type"": {}}, ""Bogorodica L5"": {""total"": 0, ""by_type"": {}}}",3
90,1,2026-04-28 19:49:57.138701 +00:00,5,1,0,0,0,1,"{""Bogorodica L1"": {""total"": 1, ""by_type"": {""truck"": 1}}, ""Bogorodica L2"": {""total"": 0, ""by_type"": {}}, ""Bogorodica L3"": {""total"": 0, ""by_type"": {}}, ""Bogorodica L4"": {""total"": 0, ""by_type"": {}}, ""Bogorodica L5"": {""total"": 0, ""by_type"": {}}}",3
91,1,2026-04-28 19:54:57.201685 +00:00,5,2,0,0,0,2,"{""Bogorodica L1"": {""total"": 2, ""by_type"": {""truck"": 2}}, ""Bogorodica L2"": {""total"": 0, ""by_type"": {}}, ""Bogorodica L3"": {""total"": 0, ""by_type"": {}}, ""Bogorodica L4"": {""total"": 0, ""by_type"": {}}, ""Bogorodica L5"": {""total"": 0, ""by_type"": {}}}",3
92,1,2026-04-28 19:59:57.376624 +00:00,5,5,5,0,0,0,"{""Bogorodica L1"": {""total"": 0, ""by_type"": {}}, ""Bogorodica L2"": {""total"": 0, ""by_type"": {}}, ""Bogorodica L3"": {""total"": 0, ""by_type"": {}}, ""Bogorodica L4"": {""total"": 0, ""by_type"": {}}, ""Bogorodica L5"": {""total"": 5, ""by_type"": {""car"": 5}}}",3
93,1,2026-04-28 20:04:57.516928 +00:00,5,3,2,0,0,1,"{""Bogorodica L1"": {""total"": 1, ""by_type"": {""truck"": 1}}, ""Bogorodica L2"": {""total"": 0, ""by_type"": {}}, ""Bogorodica L3"": {""total"": 0, ""by_type"": {}}, ""Bogorodica L4"": {""total"": 1, ""by_type"": {""car"": 1}}, ""Bogorodica L5"": {""total"": 1, ""by_type"": {""car"": 1}}}",3
94,1,2026-04-28 20:09:57.844922 +00:00,5,2,1,0,0,1,"{""Bogorodica L1"": {""total"": 1, ""by_type"": {""truck"": 1}}, ""Bogorodica L2"": {""total"": 0, ""by_type"": {}}, ""Bogorodica L3"": {""total"": 0, ""by_type"": {}}, ""Bogorodica L4"": {""total"": 0, ""by_type"": {}}, ""Bogorodica L5"": {""total"": 1, ""by_type"": {""car"": 1}}}",3
95,1,2026-04-28 20:14:58.071731 +00:00,5,1,0,0,0,1,"{""Bogorodica L1"": {""total"": 1, ""by_type"": {""truck"": 1}}, ""Bogorodica L2"": {""total"": 0, ""by_type"": {}}, ""Bogorodica L3"": {""total"": 0, ""by_type"": {}}, ""Bogorodica L4"": {""total"": 0, ""by_type"": {}}, ""Bogorodica L5"": {""total"": 0, ""by_type"": {}}}",3
96,1,2026-04-28 20:19:58.324207 +00:00,5,1,0,0,0,1,"{""Bogorodica L1"": {""total"": 1, ""by_type"": {""truck"": 1}}, ""Bogorodica L2"": {""total"": 0, ""by_type"": {}}, ""Bogorodica L3"": {""total"": 0, ""by_type"": {}}, ""Bogorodica L4"": {""total"": 0, ""by_type"": {}}, ""Bogorodica L5"": {""total"": 0, ""by_type"": {}}}",3
97,1,2026-04-28 20:24:58.361595 +00:00,5,1,1,0,0,0,"{""Bogorodica L1"": {""total"": 0, ""by_type"": {}}, ""Bogorodica L2"": {""total"": 0, ""by_type"": {}}, ""Bogorodica L3"": {""total"": 0, ""by_type"": {}}, ""Bogorodica L4"": {""total"": 0, ""by_type"": {}}, ""Bogorodica L5"": {""total"": 1, ""by_type"": {""car"": 1}}}",3
98,1,2026-04-28 20:29:58.618107 +00:00,5,0,0,0,0,0,"{""Bogorodica L1"": {""total"": 0, ""by_type"": {}}, ""Bogorodica L2"": {""total"": 0, ""by_type"": {}}, ""Bogorodica L3"": {""total"": 0, ""by_type"": {}}, ""Bogorodica L4"": {""total"": 0, ""by_type"": {}}, ""Bogorodica L5"": {""total"": 0, ""by_type"": {}}}",3
99,1,2026-04-28 20:34:58.901191 +00:00,5,0,0,0,0,0,"{""Bogorodica L1"": {""total"": 0, ""by_type"": {}}, ""Bogorodica L2"": {""total"": 0, ""by_type"": {}}, ""Bogorodica L3"": {""total"": 0, ""by_type"": {}}, ""Bogorodica L4"": {""total"": 0, ""by_type"": {}}, ""Bogorodica L5"": {""total"": 0, ""by_type"": {}}}",3
100,1,2026-04-28 20:39:59.197273 +00:00,5,1,1,0,0,0,"{""Bogorodica L1"": {""total"": 1, ""by_type"": {""car"": 1}}, ""Bogorodica L2"": {""total"": 0, ""by_type"": {}}, ""Bogorodica L3"": {""total"": 0, ""by_type"": {}}, ""Bogorodica L4"": {""total"": 0, ""by_type"": {}}, ""Bogorodica L5"": {""total"": 0, ""by_type"": {}}}",3
101,1,2026-04-28 20:44:59.351511 +00:00,5,0,0,0,0,0,"{""Bogorodica L1"": {""total"": 0, ""by_type"": {}}, ""Bogorodica L2"": {""total"": 0, ""by_type"": {}}, ""Bogorodica L3"": {""total"": 0, ""by_type"": {}}, ""Bogorodica L4"": {""total"": 0, ""by_type"": {}}, ""Bogorodica L5"": {""total"": 0, ""by_type"": {}}}",3
102,1,2026-04-28 20:49:59.414797 +00:00,5,2,0,0,0,2,"{""Bogorodica L1"": {""total"": 2, ""by_type"": {""truck"": 2}}, ""Bogorodica L2"": {""total"": 0, ""by_type"": {}}, ""Bogorodica L3"": {""total"": 0, ""by_type"": {}}, ""Bogorodica L4"": {""total"": 0, ""by_type"": {}}, ""Bogorodica L5"": {""total"": 0, ""by_type"": {}}}",3
103,1,2026-04-28 20:54:59.732404 +00:00,5,2,0,0,0,2,"{""Bogorodica L1"": {""total"": 2, ""by_type"": {""truck"": 2}}, ""Bogorodica L2"": {""total"": 0, ""by_type"": {}}, ""Bogorodica L3"": {""total"": 0, ""by_type"": {}}, ""Bogorodica L4"": {""total"": 0, ""by_type"": {}}, ""Bogorodica L5"": {""total"": 0, ""by_type"": {}}}",3
104,1,2026-04-28 20:59:59.921651 +00:00,5,0,0,0,0,0,"{""Bogorodica L1"": {""total"": 0, ""by_type"": {}}, ""Bogorodica L2"": {""total"": 0, ""by_type"": {}}, ""Bogorodica L3"": {""total"": 0, ""by_type"": {}}, ""Bogorodica L4"": {""total"": 0, ""by_type"": {}}, ""Bogorodica L5"": {""total"": 0, ""by_type"": {}}}",3
105,1,2026-04-28 21:04:59.995617 +00:00,5,0,0,0,0,0,"{""Bogorodica L1"": {""total"": 0, ""by_type"": {}}, ""Bogorodica L2"": {""total"": 0, ""by_type"": {}}, ""Bogorodica L3"": {""total"": 0, ""by_type"": {}}, ""Bogorodica L4"": {""total"": 0, ""by_type"": {}}, ""Bogorodica L5"": {""total"": 0, ""by_type"": {}}}",3
106,1,2026-04-28 21:10:00.199356 +00:00,5,0,0,0,0,0,"{""Bogorodica L1"": {""total"": 0, ""by_type"": {}}, ""Bogorodica L2"": {""total"": 0, ""by_type"": {}}, ""Bogorodica L3"": {""total"": 0, ""by_type"": {}}, ""Bogorodica L4"": {""total"": 0, ""by_type"": {}}, ""Bogorodica L5"": {""total"": 0, ""by_type"": {}}}",3
107,1,2026-04-28 21:15:00.547147 +00:00,5,3,0,0,0,3,"{""Bogorodica L1"": {""total"": 3, ""by_type"": {""truck"": 3}}, ""Bogorodica L2"": {""total"": 0, ""by_type"": {}}, ""Bogorodica L3"": {""total"": 0, ""by_type"": {}}, ""Bogorodica L4"": {""total"": 0, ""by_type"": {}}, ""Bogorodica L5"": {""total"": 0, ""by_type"": {}}}",3
108,1,2026-04-28 21:20:00.873710 +00:00,5,3,0,0,0,3,"{""Bogorodica L1"": {""total"": 3, ""by_type"": {""truck"": 3}}, ""Bogorodica L2"": {""total"": 0, ""by_type"": {}}, ""Bogorodica L3"": {""total"": 0, ""by_type"": {}}, ""Bogorodica L4"": {""total"": 0, ""by_type"": {}}, ""Bogorodica L5"": {""total"": 0, ""by_type"": {}}}",3
109,1,2026-04-28 21:25:00.996388 +00:00,5,2,0,0,0,2,"{""Bogorodica L1"": {""total"": 2, ""by_type"": {""truck"": 2}}, ""Bogorodica L2"": {""total"": 0, ""by_type"": {}}, ""Bogorodica L3"": {""total"": 0, ""by_type"": {}}, ""Bogorodica L4"": {""total"": 0, ""by_type"": {}}, ""Bogorodica L5"": {""total"": 0, ""by_type"": {}}}",3
110,1,2026-04-28 21:30:01.296999 +00:00,5,1,0,0,0,1,"{""Bogorodica L1"": {""total"": 1, ""by_type"": {""truck"": 1}}, ""Bogorodica L2"": {""total"": 0, ""by_type"": {}}, ""Bogorodica L3"": {""total"": 0, ""by_type"": {}}, ""Bogorodica L4"": {""total"": 0, ""by_type"": {}}, ""Bogorodica L5"": {""total"": 0, ""by_type"": {}}}",3
111,1,2026-04-28 21:35:01.334607 +00:00,5,3,0,0,0,3,"{""Bogorodica L1"": {""total"": 3, ""by_type"": {""truck"": 3}}, ""Bogorodica L2"": {""total"": 0, ""by_type"": {}}, ""Bogorodica L3"": {""total"": 0, ""by_type"": {}}, ""Bogorodica L4"": {""total"": 0, ""by_type"": {}}, ""Bogorodica L5"": {""total"": 0, ""by_type"": {}}}",3
112,1,2026-04-28 21:40:01.629206 +00:00,5,0,0,0,0,0,"{""Bogorodica L1"": {""total"": 0, ""by_type"": {}}, ""Bogorodica L2"": {""total"": 0, ""by_type"": {}}, ""Bogorodica L3"": {""total"": 0, ""by_type"": {}}, ""Bogorodica L4"": {""total"": 0, ""by_type"": {}}, ""Bogorodica L5"": {""total"": 0, ""by_type"": {}}}",3
113,1,2026-04-28 21:45:01.722396 +00:00,5,2,0,0,0,2,"{""Bogorodica L1"": {""total"": 2, ""by_type"": {""truck"": 2}}, ""Bogorodica L2"": {""total"": 0, ""by_type"": {}}, ""Bogorodica L3"": {""total"": 0, ""by_type"": {}}, ""Bogorodica L4"": {""total"": 0, ""by_type"": {}}, ""Bogorodica L5"": {""total"": 0, ""by_type"": {}}}",3
114,1,2026-04-28 21:50:01.890831 +00:00,5,1,0,0,0,1,"{""Bogorodica L1"": {""total"": 1, ""by_type"": {""truck"": 1}}, ""Bogorodica L2"": {""total"": 0, ""by_type"": {}}, ""Bogorodica L3"": {""total"": 0, ""by_type"": {}}, ""Bogorodica L4"": {""total"": 0, ""by_type"": {}}, ""Bogorodica L5"": {""total"": 0, ""by_type"": {}}}",3
115,1,2026-04-28 21:55:01.996721 +00:00,5,1,0,0,1,0,"{""Bogorodica L1"": {""total"": 0, ""by_type"": {}}, ""Bogorodica L2"": {""total"": 1, ""by_type"": {""bus"": 1}}, ""Bogorodica L3"": {""total"": 0, ""by_type"": {}}, ""Bogorodica L4"": {""total"": 0, ""by_type"": {}}, ""Bogorodica L5"": {""total"": 0, ""by_type"": {}}}",3
116,1,2026-04-28 22:00:02.278643 +00:00,5,0,0,0,0,0,"{""Bogorodica L1"": {""total"": 0, ""by_type"": {}}, ""Bogorodica L2"": {""total"": 0, ""by_type"": {}}, ""Bogorodica L3"": {""total"": 0, ""by_type"": {}}, ""Bogorodica L4"": {""total"": 0, ""by_type"": {}}, ""Bogorodica L5"": {""total"": 0, ""by_type"": {}}}",3
117,1,2026-04-28 22:05:02.544507 +00:00,5,0,0,0,0,0,"{""Bogorodica L1"": {""total"": 0, ""by_type"": {}}, ""Bogorodica L2"": {""total"": 0, ""by_type"": {}}, ""Bogorodica L3"": {""total"": 0, ""by_type"": {}}, ""Bogorodica L4"": {""total"": 0, ""by_type"": {}}, ""Bogorodica L5"": {""total"": 0, ""by_type"": {}}}",3
118,1,2026-04-28 22:10:02.887220 +00:00,5,0,0,0,0,0,"{""Bogorodica L1"": {""total"": 0, ""by_type"": {}}, ""Bogorodica L2"": {""total"": 0, ""by_type"": {}}, ""Bogorodica L3"": {""total"": 0, ""by_type"": {}}, ""Bogorodica L4"": {""total"": 0, ""by_type"": {}}, ""Bogorodica L5"": {""total"": 0, ""by_type"": {}}}",2.5
119,1,2026-04-28 22:15:03.034274 +00:00,5,0,0,0,0,0,"{""Bogorodica L1"": {""total"": 0, ""by_type"": {}}, ""Bogorodica L2"": {""total"": 0, ""by_type"": {}}, ""Bogorodica L3"": {""total"": 0, ""by_type"": {}}, ""Bogorodica L4"": {""total"": 0, ""by_type"": {}}, ""Bogorodica L5"": {""total"": 0, ""by_type"": {}}}",3
120,1,2026-04-28 22:20:03.096812 +00:00,5,1,1,0,0,0,"{""Bogorodica L1"": {""total"": 1, ""by_type"": {""car"": 1}}, ""Bogorodica L2"": {""total"": 0, ""by_type"": {}}, ""Bogorodica L3"": {""total"": 0, ""by_type"": {}}, ""Bogorodica L4"": {""total"": 0, ""by_type"": {}}, ""Bogorodica L5"": {""total"": 0, ""by_type"": {}}}",3
121,1,2026-04-28 22:25:03.187746 +00:00,5,0,0,0,0,0,"{""Bogorodica L1"": {""total"": 0, ""by_type"": {}}, ""Bogorodica L2"": {""total"": 0, ""by_type"": {}}, ""Bogorodica L3"": {""total"": 0, ""by_type"": {}}, ""Bogorodica L4"": {""total"": 0, ""by_type"": {}}, ""Bogorodica L5"": {""total"": 0, ""by_type"": {}}}",3
122,1,2026-04-28 22:30:03.387581 +00:00,5,0,0,0,0,0,"{""Bogorodica L1"": {""total"": 0, ""by_type"": {}}, ""Bogorodica L2"": {""total"": 0, ""by_type"": {}}, ""Bogorodica L3"": {""total"": 0, ""by_type"": {}}, ""Bogorodica L4"": {""total"": 0, ""by_type"": {}}, ""Bogorodica L5"": {""total"": 0, ""by_type"": {}}}",3
123,1,2026-04-28 22:35:03.710726 +00:00,5,1,1,0,0,0,"{""Bogorodica L1"": {""total"": 0, ""by_type"": {}}, ""Bogorodica L2"": {""total"": 0, ""by_type"": {}}, ""Bogorodica L3"": {""total"": 0, ""by_type"": {}}, ""Bogorodica L4"": {""total"": 0, ""by_type"": {}}, ""Bogorodica L5"": {""total"": 1, ""by_type"": {""car"": 1}}}",3
124,1,2026-04-28 22:40:03.777346 +00:00,5,0,0,0,0,0,"{""Bogorodica L1"": {""total"": 0, ""by_type"": {}}, ""Bogorodica L2"": {""total"": 0, ""by_type"": {}}, ""Bogorodica L3"": {""total"": 0, ""by_type"": {}}, ""Bogorodica L4"": {""total"": 0, ""by_type"": {}}, ""Bogorodica L5"": {""total"": 0, ""by_type"": {}}}",3
125,1,2026-04-28 22:45:04.130555 +00:00,5,1,1,0,0,0,"{""Bogorodica L1"": {""total"": 1, ""by_type"": {""car"": 1}}, ""Bogorodica L2"": {""total"": 0, ""by_type"": {}}, ""Bogorodica L3"": {""total"": 0, ""by_type"": {}}, ""Bogorodica L4"": {""total"": 0, ""by_type"": {}}, ""Bogorodica L5"": {""total"": 0, ""by_type"": {}}}",3
126,1,2026-04-28 22:50:04.365286 +00:00,5,0,0,0,0,0,"{""Bogorodica L1"": {""total"": 0, ""by_type"": {}}, ""Bogorodica L2"": {""total"": 0, ""by_type"": {}}, ""Bogorodica L3"": {""total"": 0, ""by_type"": {}}, ""Bogorodica L4"": {""total"": 0, ""by_type"": {}}, ""Bogorodica L5"": {""total"": 0, ""by_type"": {}}}",3
127,1,2026-04-28 22:55:04.384871 +00:00,5,0,0,0,0,0,"{""Bogorodica L1"": {""total"": 0, ""by_type"": {}}, ""Bogorodica L2"": {""total"": 0, ""by_type"": {}}, ""Bogorodica L3"": {""total"": 0, ""by_type"": {}}, ""Bogorodica L4"": {""total"": 0, ""by_type"": {}}, ""Bogorodica L5"": {""total"": 0, ""by_type"": {}}}",3
128,1,2026-04-28 23:00:21.922656 +00:00,5,1,0,0,0,1,"{""Bogorodica L1"": {""total"": 1, ""by_type"": {""truck"": 1}}, ""Bogorodica L2"": {""total"": 0, ""by_type"": {}}, ""Bogorodica L3"": {""total"": 0, ""by_type"": {}}, ""Bogorodica L4"": {""total"": 0, ""by_type"": {}}, ""Bogorodica L5"": {""total"": 0, ""by_type"": {}}}",0.5
129,1,2026-04-28 23:05:21.988601 +00:00,5,1,0,0,0,1,"{""Bogorodica L1"": {""total"": 1, ""by_type"": {""truck"": 1}}, ""Bogorodica L2"": {""total"": 0, ""by_type"": {}}, ""Bogorodica L3"": {""total"": 0, ""by_type"": {}}, ""Bogorodica L4"": {""total"": 0, ""by_type"": {}}, ""Bogorodica L5"": {""total"": 0, ""by_type"": {}}}",3
130,1,2026-04-28 23:10:22.202322 +00:00,5,1,0,0,0,1,"{""Bogorodica L1"": {""total"": 1, ""by_type"": {""truck"": 1}}, ""Bogorodica L2"": {""total"": 0, ""by_type"": {}}, ""Bogorodica L3"": {""total"": 0, ""by_type"": {}}, ""Bogorodica L4"": {""total"": 0, ""by_type"": {}}, ""Bogorodica L5"": {""total"": 0, ""by_type"": {}}}",3
131,1,2026-04-28 23:15:22.490040 +00:00,5,3,1,0,0,2,"{""Bogorodica L1"": {""total"": 2, ""by_type"": {""truck"": 2}}, ""Bogorodica L2"": {""total"": 0, ""by_type"": {}}, ""Bogorodica L3"": {""total"": 0, ""by_type"": {}}, ""Bogorodica L4"": {""total"": 0, ""by_type"": {}}, ""Bogorodica L5"": {""total"": 1, ""by_type"": {""car"": 1}}}",3
132,1,2026-04-28 23:20:22.508344 +00:00,5,2,0,0,0,2,"{""Bogorodica L1"": {""total"": 2, ""by_type"": {""truck"": 2}}, ""Bogorodica L2"": {""total"": 0, ""by_type"": {}}, ""Bogorodica L3"": {""total"": 0, ""by_type"": {}}, ""Bogorodica L4"": {""total"": 0, ""by_type"": {}}, ""Bogorodica L5"": {""total"": 0, ""by_type"": {}}}",3
133,1,2026-04-28 23:25:22.684828 +00:00,5,1,0,0,0,1,"{""Bogorodica L1"": {""total"": 1, ""by_type"": {""truck"": 1}}, ""Bogorodica L2"": {""total"": 0, ""by_type"": {}}, ""Bogorodica L3"": {""total"": 0, ""by_type"": {}}, ""Bogorodica L4"": {""total"": 0, ""by_type"": {}}, ""Bogorodica L5"": {""total"": 0, ""by_type"": {}}}",3
134,1,2026-04-28 23:30:22.777231 +00:00,5,1,0,0,0,1,"{""Bogorodica L1"": {""total"": 1, ""by_type"": {""truck"": 1}}, ""Bogorodica L2"": {""total"": 0, ""by_type"": {}}, ""Bogorodica L3"": {""total"": 0, ""by_type"": {}}, ""Bogorodica L4"": {""total"": 0, ""by_type"": {}}, ""Bogorodica L5"": {""total"": 0, ""by_type"": {}}}",3
135,1,2026-04-28 23:35:23.113087 +00:00,5,3,1,0,0,2,"{""Bogorodica L1"": {""total"": 3, ""by_type"": {""car"": 1, ""truck"": 2}}, ""Bogorodica L2"": {""total"": 0, ""by_type"": {}}, ""Bogorodica L3"": {""total"": 0, ""by_type"": {}}, ""Bogorodica L4"": {""total"": 0, ""by_type"": {}}, ""Bogorodica L5"": {""total"": 0, ""by_type"": {}}}",3
136,1,2026-04-28 23:40:23.465676 +00:00,5,2,0,0,0,2,"{""Bogorodica L1"": {""total"": 2, ""by_type"": {""truck"": 2}}, ""Bogorodica L2"": {""total"": 0, ""by_type"": {}}, ""Bogorodica L3"": {""total"": 0, ""by_type"": {}}, ""Bogorodica L4"": {""total"": 0, ""by_type"": {}}, ""Bogorodica L5"": {""total"": 0, ""by_type"": {}}}",3
137,1,2026-04-28 23:45:23.566027 +00:00,5,1,0,0,0,1,"{""Bogorodica L1"": {""total"": 1, ""by_type"": {""truck"": 1}}, ""Bogorodica L2"": {""total"": 0, ""by_type"": {}}, ""Bogorodica L3"": {""total"": 0, ""by_type"": {}}, ""Bogorodica L4"": {""total"": 0, ""by_type"": {}}, ""Bogorodica L5"": {""total"": 0, ""by_type"": {}}}",3
138,1,2026-04-28 23:50:23.774849 +00:00,5,2,0,0,0,2,"{""Bogorodica L1"": {""total"": 2, ""by_type"": {""truck"": 2}}, ""Bogorodica L2"": {""total"": 0, ""by_type"": {}}, ""Bogorodica L3"": {""total"": 0, ""by_type"": {}}, ""Bogorodica L4"": {""total"": 0, ""by_type"": {}}, ""Bogorodica L5"": {""total"": 0, ""by_type"": {}}}",3
139,1,2026-04-28 23:55:24.006090 +00:00,5,2,0,0,0,2,"{""Bogorodica L1"": {""total"": 2, ""by_type"": {""truck"": 2}}, ""Bogorodica L2"": {""total"": 0, ""by_type"": {}}, ""Bogorodica L3"": {""total"": 0, ""by_type"": {}}, ""Bogorodica L4"": {""total"": 0, ""by_type"": {}}, ""Bogorodica L5"": {""total"": 0, ""by_type"": {}}}",3
140,1,2026-04-29 00:00:24.323944 +00:00,5,2,0,0,0,2,"{""Bogorodica L1"": {""total"": 2, ""by_type"": {""truck"": 2}}, ""Bogorodica L2"": {""total"": 0, ""by_type"": {}}, ""Bogorodica L3"": {""total"": 0, ""by_type"": {}}, ""Bogorodica L4"": {""total"": 0, ""by_type"": {}}, ""Bogorodica L5"": {""total"": 0, ""by_type"": {}}}",3
141,1,2026-04-29 00:05:24.587439 +00:00,5,2,0,0,0,2,"{""Bogorodica L1"": {""total"": 2, ""by_type"": {""truck"": 2}}, ""Bogorodica L2"": {""total"": 0, ""by_type"": {}}, ""Bogorodica L3"": {""total"": 0, ""by_type"": {}}, ""Bogorodica L4"": {""total"": 0, ""by_type"": {}}, ""Bogorodica L5"": {""total"": 0, ""by_type"": {}}}",3
142,1,2026-04-29 00:10:24.636098 +00:00,5,2,2,0,0,0,"{""Bogorodica L1"": {""total"": 1, ""by_type"": {""car"": 1}}, ""Bogorodica L2"": {""total"": 1, ""by_type"": {""car"": 1}}, ""Bogorodica L3"": {""total"": 0, ""by_type"": {}}, ""Bogorodica L4"": {""total"": 0, ""by_type"": {}}, ""Bogorodica L5"": {""total"": 0, ""by_type"": {}}}",3
143,1,2026-04-29 00:15:24.661719 +00:00,5,3,0,0,0,3,"{""Bogorodica L1"": {""total"": 3, ""by_type"": {""truck"": 3}}, ""Bogorodica L2"": {""total"": 0, ""by_type"": {}}, ""Bogorodica L3"": {""total"": 0, ""by_type"": {}}, ""Bogorodica L4"": {""total"": 0, ""by_type"": {}}, ""Bogorodica L5"": {""total"": 0, ""by_type"": {}}}",2.5
144,1,2026-04-29 00:20:25.038810 +00:00,5,3,0,0,0,3,"{""Bogorodica L1"": {""total"": 3, ""by_type"": {""truck"": 3}}, ""Bogorodica L2"": {""total"": 0, ""by_type"": {}}, ""Bogorodica L3"": {""total"": 0, ""by_type"": {}}, ""Bogorodica L4"": {""total"": 0, ""by_type"": {}}, ""Bogorodica L5"": {""total"": 0, ""by_type"": {}}}",3
145,1,2026-04-29 00:25:25.399741 +00:00,5,1,0,0,0,1,"{""Bogorodica L1"": {""total"": 1, ""by_type"": {""truck"": 1}}, ""Bogorodica L2"": {""total"": 0, ""by_type"": {}}, ""Bogorodica L3"": {""total"": 0, ""by_type"": {}}, ""Bogorodica L4"": {""total"": 0, ""by_type"": {}}, ""Bogorodica L5"": {""total"": 0, ""by_type"": {}}}",3
146,1,2026-04-29 00:30:25.488391 +00:00,5,2,1,0,1,0,"{""Bogorodica L1"": {""total"": 0, ""by_type"": {}}, ""Bogorodica L2"": {""total"": 2, ""by_type"": {""bus"": 1, ""car"": 1}}, ""Bogorodica L3"": {""total"": 0, ""by_type"": {}}, ""Bogorodica L4"": {""total"": 0, ""by_type"": {}}, ""Bogorodica L5"": {""total"": 0, ""by_type"": {}}}",3
147,1,2026-04-29 00:35:25.633420 +00:00,5,3,1,0,2,0,"{""Bogorodica L1"": {""total"": 1, ""by_type"": {""bus"": 1}}, ""Bogorodica L2"": {""total"": 2, ""by_type"": {""bus"": 1, ""car"": 1}}, ""Bogorodica L3"": {""total"": 0, ""by_type"": {}}, ""Bogorodica L4"": {""total"": 0, ""by_type"": {}}, ""Bogorodica L5"": {""total"": 0, ""by_type"": {}}}",3
148,1,2026-04-29 00:40:25.816072 +00:00,5,1,0,0,0,1,"{""Bogorodica L1"": {""total"": 1, ""by_type"": {""truck"": 1}}, ""Bogorodica L2"": {""total"": 0, ""by_type"": {}}, ""Bogorodica L3"": {""total"": 0, ""by_type"": {}}, ""Bogorodica L4"": {""total"": 0, ""by_type"": {}}, ""Bogorodica L5"": {""total"": 0, ""by_type"": {}}}",3
149,1,2026-04-29 00:45:25.999739 +00:00,5,2,0,0,1,1,"{""Bogorodica L1"": {""total"": 1, ""by_type"": {""truck"": 1}}, ""Bogorodica L2"": {""total"": 1, ""by_type"": {""bus"": 1}}, ""Bogorodica L3"": {""total"": 0, ""by_type"": {}}, ""Bogorodica L4"": {""total"": 0, ""by_type"": {}}, ""Bogorodica L5"": {""total"": 0, ""by_type"": {}}}",3
150,1,2026-04-29 00:50:26.245625 +00:00,5,2,0,0,1,1,"{""Bogorodica L1"": {""total"": 1, ""by_type"": {""truck"": 1}}, ""Bogorodica L2"": {""total"": 1, ""by_type"": {""bus"": 1}}, ""Bogorodica L3"": {""total"": 0, ""by_type"": {}}, ""Bogorodica L4"": {""total"": 0, ""by_type"": {}}, ""Bogorodica L5"": {""total"": 0, ""by_type"": {}}}",3
151,1,2026-04-29 00:55:26.388287 +00:00,5,1,0,0,1,0,"{""Bogorodica L1"": {""total"": 0, ""by_type"": {}}, ""Bogorodica L2"": {""total"": 1, ""by_type"": {""bus"": 1}}, ""Bogorodica L3"": {""total"": 0, ""by_type"": {}}, ""Bogorodica L4"": {""total"": 0, ""by_type"": {}}, ""Bogorodica L5"": {""total"": 0, ""by_type"": {}}}",3
152,1,2026-04-29 01:00:29.352372 +00:00,5,2,0,0,0,2,"{""Bogorodica L1"": {""total"": 2, ""by_type"": {""truck"": 2}}, ""Bogorodica L2"": {""total"": 0, ""by_type"": {}}, ""Bogorodica L3"": {""total"": 0, ""by_type"": {}}, ""Bogorodica L4"": {""total"": 0, ""by_type"": {}}, ""Bogorodica L5"": {""total"": 0, ""by_type"": {}}}",0.5
153,1,2026-04-29 01:05:29.570028 +00:00,5,2,0,0,0,2,"{""Bogorodica L1"": {""total"": 2, ""by_type"": {""truck"": 2}}, ""Bogorodica L2"": {""total"": 0, ""by_type"": {}}, ""Bogorodica L3"": {""total"": 0, ""by_type"": {}}, ""Bogorodica L4"": {""total"": 0, ""by_type"": {}}, ""Bogorodica L5"": {""total"": 0, ""by_type"": {}}}",3
154,1,2026-04-29 01:10:29.929379 +00:00,5,3,0,0,0,3,"{""Bogorodica L1"": {""total"": 3, ""by_type"": {""truck"": 3}}, ""Bogorodica L2"": {""total"": 0, ""by_type"": {}}, ""Bogorodica L3"": {""total"": 0, ""by_type"": {}}, ""Bogorodica L4"": {""total"": 0, ""by_type"": {}}, ""Bogorodica L5"": {""total"": 0, ""by_type"": {}}}",3
155,1,2026-04-29 01:15:29.962173 +00:00,5,3,1,0,0,2,"{""Bogorodica L1"": {""total"": 3, ""by_type"": {""car"": 1, ""truck"": 2}}, ""Bogorodica L2"": {""total"": 0, ""by_type"": {}}, ""Bogorodica L3"": {""total"": 0, ""by_type"": {}}, ""Bogorodica L4"": {""total"": 0, ""by_type"": {}}, ""Bogorodica L5"": {""total"": 0, ""by_type"": {}}}",3
156,1,2026-04-29 01:20:30.269190 +00:00,5,5,1,0,0,4,"{""Bogorodica L1"": {""total"": 5, ""by_type"": {""car"": 1, ""truck"": 4}}, ""Bogorodica L2"": {""total"": 0, ""by_type"": {}}, ""Bogorodica L3"": {""total"": 0, ""by_type"": {}}, ""Bogorodica L4"": {""total"": 0, ""by_type"": {}}, ""Bogorodica L5"": {""total"": 0, ""by_type"": {}}}",3
157,1,2026-04-29 01:25:30.329919 +00:00,5,3,0,0,0,3,"{""Bogorodica L1"": {""total"": 3, ""by_type"": {""truck"": 3}}, ""Bogorodica L2"": {""total"": 0, ""by_type"": {}}, ""Bogorodica L3"": {""total"": 0, ""by_type"": {}}, ""Bogorodica L4"": {""total"": 0, ""by_type"": {}}, ""Bogorodica L5"": {""total"": 0, ""by_type"": {}}}",3
158,1,2026-04-29 01:30:30.337581 +00:00,5,3,0,0,0,3,"{""Bogorodica L1"": {""total"": 3, ""by_type"": {""truck"": 3}}, ""Bogorodica L2"": {""total"": 0, ""by_type"": {}}, ""Bogorodica L3"": {""total"": 0, ""by_type"": {}}, ""Bogorodica L4"": {""total"": 0, ""by_type"": {}}, ""Bogorodica L5"": {""total"": 0, ""by_type"": {}}}",3
159,1,2026-04-29 01:35:30.659101 +00:00,5,3,0,0,0,3,"{""Bogorodica L1"": {""total"": 3, ""by_type"": {""truck"": 3}}, ""Bogorodica L2"": {""total"": 0, ""by_type"": {}}, ""Bogorodica L3"": {""total"": 0, ""by_type"": {}}, ""Bogorodica L4"": {""total"": 0, ""by_type"": {}}, ""Bogorodica L5"": {""total"": 0, ""by_type"": {}}}",3
160,1,2026-04-29 01:40:30.799025 +00:00,5,1,0,0,0,1,"{""Bogorodica L1"": {""total"": 1, ""by_type"": {""truck"": 1}}, ""Bogorodica L2"": {""total"": 0, ""by_type"": {}}, ""Bogorodica L3"": {""total"": 0, ""by_type"": {}}, ""Bogorodica L4"": {""total"": 0, ""by_type"": {}}, ""Bogorodica L5"": {""total"": 0, ""by_type"": {}}}",3
161,1,2026-04-29 01:45:30.903094 +00:00,5,4,0,0,0,4,"{""Bogorodica L1"": {""total"": 4, ""by_type"": {""truck"": 4}}, ""Bogorodica L2"": {""total"": 0, ""by_type"": {}}, ""Bogorodica L3"": {""total"": 0, ""by_type"": {}}, ""Bogorodica L4"": {""total"": 0, ""by_type"": {}}, ""Bogorodica L5"": {""total"": 0, ""by_type"": {}}}",3
162,1,2026-04-29 01:50:30.918224 +00:00,5,3,1,0,0,2,"{""Bogorodica L1"": {""total"": 3, ""by_type"": {""car"": 1, ""truck"": 2}}, ""Bogorodica L2"": {""total"": 0, ""by_type"": {}}, ""Bogorodica L3"": {""total"": 0, ""by_type"": {}}, ""Bogorodica L4"": {""total"": 0, ""by_type"": {}}, ""Bogorodica L5"": {""total"": 0, ""by_type"": {}}}",3
163,1,2026-04-29 01:55:31.253710 +00:00,5,3,0,0,0,3,"{""Bogorodica L1"": {""total"": 3, ""by_type"": {""truck"": 3}}, ""Bogorodica L2"": {""total"": 0, ""by_type"": {}}, ""Bogorodica L3"": {""total"": 0, ""by_type"": {}}, ""Bogorodica L4"": {""total"": 0, ""by_type"": {}}, ""Bogorodica L5"": {""total"": 0, ""by_type"": {}}}",3
164,1,2026-04-29 02:00:31.316353 +00:00,5,3,1,0,0,2,"{""Bogorodica L1"": {""total"": 2, ""by_type"": {""truck"": 2}}, ""Bogorodica L2"": {""total"": 0, ""by_type"": {}}, ""Bogorodica L3"": {""total"": 0, ""by_type"": {}}, ""Bogorodica L4"": {""total"": 0, ""by_type"": {}}, ""Bogorodica L5"": {""total"": 1, ""by_type"": {""car"": 1}}}",3
165,1,2026-04-29 02:05:31.392937 +00:00,5,0,0,0,0,0,"{""Bogorodica L1"": {""total"": 0, ""by_type"": {}}, ""Bogorodica L2"": {""total"": 0, ""by_type"": {}}, ""Bogorodica L3"": {""total"": 0, ""by_type"": {}}, ""Bogorodica L4"": {""total"": 0, ""by_type"": {}}, ""Bogorodica L5"": {""total"": 0, ""by_type"": {}}}",3
166,1,2026-04-29 02:10:31.716639 +00:00,5,2,0,0,0,2,"{""Bogorodica L1"": {""total"": 2, ""by_type"": {""truck"": 2}}, ""Bogorodica L2"": {""total"": 0, ""by_type"": {}}, ""Bogorodica L3"": {""total"": 0, ""by_type"": {}}, ""Bogorodica L4"": {""total"": 0, ""by_type"": {}}, ""Bogorodica L5"": {""total"": 0, ""by_type"": {}}}",3
167,1,2026-04-29 02:15:31.782114 +00:00,5,2,0,0,0,2,"{""Bogorodica L1"": {""total"": 2, ""by_type"": {""truck"": 2}}, ""Bogorodica L2"": {""total"": 0, ""by_type"": {}}, ""Bogorodica L3"": {""total"": 0, ""by_type"": {}}, ""Bogorodica L4"": {""total"": 0, ""by_type"": {}}, ""Bogorodica L5"": {""total"": 0, ""by_type"": {}}}",3
168,1,2026-04-29 02:20:32.072698 +00:00,5,2,0,0,0,2,"{""Bogorodica L1"": {""total"": 2, ""by_type"": {""truck"": 2}}, ""Bogorodica L2"": {""total"": 0, ""by_type"": {}}, ""Bogorodica L3"": {""total"": 0, ""by_type"": {}}, ""Bogorodica L4"": {""total"": 0, ""by_type"": {}}, ""Bogorodica L5"": {""total"": 0, ""by_type"": {}}}",3
169,1,2026-04-29 02:25:32.270327 +00:00,5,3,0,0,0,3,"{""Bogorodica L1"": {""total"": 3, ""by_type"": {""truck"": 3}}, ""Bogorodica L2"": {""total"": 0, ""by_type"": {}}, ""Bogorodica L3"": {""total"": 0, ""by_type"": {}}, ""Bogorodica L4"": {""total"": 0, ""by_type"": {}}, ""Bogorodica L5"": {""total"": 0, ""by_type"": {}}}",3
170,1,2026-04-29 02:30:47.179534 +00:00,5,3,0,0,0,3,"{""Bogorodica L1"": {""total"": 3, ""by_type"": {""truck"": 3}}, ""Bogorodica L2"": {""total"": 0, ""by_type"": {}}, ""Bogorodica L3"": {""total"": 0, ""by_type"": {}}, ""Bogorodica L4"": {""total"": 0, ""by_type"": {}}, ""Bogorodica L5"": {""total"": 0, ""by_type"": {}}}",0.5
171,1,2026-04-29 02:35:47.399865 +00:00,5,3,0,0,0,3,"{""Bogorodica L1"": {""total"": 3, ""by_type"": {""truck"": 3}}, ""Bogorodica L2"": {""total"": 0, ""by_type"": {}}, ""Bogorodica L3"": {""total"": 0, ""by_type"": {}}, ""Bogorodica L4"": {""total"": 0, ""by_type"": {}}, ""Bogorodica L5"": {""total"": 0, ""by_type"": {}}}",3
172,1,2026-04-29 02:40:47.529320 +00:00,5,1,0,0,0,1,"{""Bogorodica L1"": {""total"": 1, ""by_type"": {""truck"": 1}}, ""Bogorodica L2"": {""total"": 0, ""by_type"": {}}, ""Bogorodica L3"": {""total"": 0, ""by_type"": {}}, ""Bogorodica L4"": {""total"": 0, ""by_type"": {}}, ""Bogorodica L5"": {""total"": 0, ""by_type"": {}}}",3
173,1,2026-04-29 02:45:47.712130 +00:00,5,2,0,0,0,2,"{""Bogorodica L1"": {""total"": 2, ""by_type"": {""truck"": 2}}, ""Bogorodica L2"": {""total"": 0, ""by_type"": {}}, ""Bogorodica L3"": {""total"": 0, ""by_type"": {}}, ""Bogorodica L4"": {""total"": 0, ""by_type"": {}}, ""Bogorodica L5"": {""total"": 0, ""by_type"": {}}}",3
174,1,2026-04-29 02:50:47.748047 +00:00,5,3,1,0,0,2,"{""Bogorodica L1"": {""total"": 3, ""by_type"": {""car"": 1, ""truck"": 2}}, ""Bogorodica L2"": {""total"": 0, ""by_type"": {}}, ""Bogorodica L3"": {""total"": 0, ""by_type"": {}}, ""Bogorodica L4"": {""total"": 0, ""by_type"": {}}, ""Bogorodica L5"": {""total"": 0, ""by_type"": {}}}",3
175,1,2026-04-29 02:55:47.840971 +00:00,5,3,0,0,0,3,"{""Bogorodica L1"": {""total"": 3, ""by_type"": {""truck"": 3}}, ""Bogorodica L2"": {""total"": 0, ""by_type"": {}}, ""Bogorodica L3"": {""total"": 0, ""by_type"": {}}, ""Bogorodica L4"": {""total"": 0, ""by_type"": {}}, ""Bogorodica L5"": {""total"": 0, ""by_type"": {}}}",3
176,1,2026-04-29 03:01:01.404537 +00:00,5,3,0,0,0,3,"{""Bogorodica L1"": {""total"": 3, ""by_type"": {""truck"": 3}}, ""Bogorodica L2"": {""total"": 0, ""by_type"": {}}, ""Bogorodica L3"": {""total"": 0, ""by_type"": {}}, ""Bogorodica L4"": {""total"": 0, ""by_type"": {}}, ""Bogorodica L5"": {""total"": 0, ""by_type"": {}}}",0.5
177,1,2026-04-29 03:06:01.466203 +00:00,5,4,0,0,0,4,"{""Bogorodica L1"": {""total"": 4, ""by_type"": {""truck"": 4}}, ""Bogorodica L2"": {""total"": 0, ""by_type"": {}}, ""Bogorodica L3"": {""total"": 0, ""by_type"": {}}, ""Bogorodica L4"": {""total"": 0, ""by_type"": {}}, ""Bogorodica L5"": {""total"": 0, ""by_type"": {}}}",3
178,1,2026-04-29 03:11:01.823437 +00:00,5,4,0,0,0,4,"{""Bogorodica L1"": {""total"": 4, ""by_type"": {""truck"": 4}}, ""Bogorodica L2"": {""total"": 0, ""by_type"": {}}, ""Bogorodica L3"": {""total"": 0, ""by_type"": {}}, ""Bogorodica L4"": {""total"": 0, ""by_type"": {}}, ""Bogorodica L5"": {""total"": 0, ""by_type"": {}}}",3
179,1,2026-04-29 03:16:02.102868 +00:00,5,4,0,0,0,4,"{""Bogorodica L1"": {""total"": 4, ""by_type"": {""truck"": 4}}, ""Bogorodica L2"": {""total"": 0, ""by_type"": {}}, ""Bogorodica L3"": {""total"": 0, ""by_type"": {}}, ""Bogorodica L4"": {""total"": 0, ""by_type"": {}}, ""Bogorodica L5"": {""total"": 0, ""by_type"": {}}}",3
180,1,2026-04-29 03:21:02.288040 +00:00,5,4,0,0,0,4,"{""Bogorodica L1"": {""total"": 4, ""by_type"": {""truck"": 4}}, ""Bogorodica L2"": {""total"": 0, ""by_type"": {}}, ""Bogorodica L3"": {""total"": 0, ""by_type"": {}}, ""Bogorodica L4"": {""total"": 0, ""by_type"": {}}, ""Bogorodica L5"": {""total"": 0, ""by_type"": {}}}",3
181,1,2026-04-29 03:26:02.519401 +00:00,5,3,0,0,0,3,"{""Bogorodica L1"": {""total"": 3, ""by_type"": {""truck"": 3}}, ""Bogorodica L2"": {""total"": 0, ""by_type"": {}}, ""Bogorodica L3"": {""total"": 0, ""by_type"": {}}, ""Bogorodica L4"": {""total"": 0, ""by_type"": {}}, ""Bogorodica L5"": {""total"": 0, ""by_type"": {}}}",3
182,1,2026-04-29 03:31:02.743406 +00:00,5,0,0,0,0,0,"{""Bogorodica L1"": {""total"": 0, ""by_type"": {}}, ""Bogorodica L2"": {""total"": 0, ""by_type"": {}}, ""Bogorodica L3"": {""total"": 0, ""by_type"": {}}, ""Bogorodica L4"": {""total"": 0, ""by_type"": {}}, ""Bogorodica L5"": {""total"": 0, ""by_type"": {}}}",3
183,1,2026-04-29 03:36:02.920973 +00:00,5,3,0,0,0,3,"{""Bogorodica L1"": {""total"": 3, ""by_type"": {""truck"": 3}}, ""Bogorodica L2"": {""total"": 0, ""by_type"": {}}, ""Bogorodica L3"": {""total"": 0, ""by_type"": {}}, ""Bogorodica L4"": {""total"": 0, ""by_type"": {}}, ""Bogorodica L5"": {""total"": 0, ""by_type"": {}}}",3
184,1,2026-04-29 03:41:03.245143 +00:00,5,3,0,0,0,3,"{""Bogorodica L1"": {""total"": 3, ""by_type"": {""truck"": 3}}, ""Bogorodica L2"": {""total"": 0, ""by_type"": {}}, ""Bogorodica L3"": {""total"": 0, ""by_type"": {}}, ""Bogorodica L4"": {""total"": 0, ""by_type"": {}}, ""Bogorodica L5"": {""total"": 0, ""by_type"": {}}}",3
185,1,2026-04-29 03:46:03.324501 +00:00,5,6,3,0,0,3,"{""Bogorodica L1"": {""total"": 3, ""by_type"": {""truck"": 3}}, ""Bogorodica L2"": {""total"": 0, ""by_type"": {}}, ""Bogorodica L3"": {""total"": 0, ""by_type"": {}}, ""Bogorodica L4"": {""total"": 3, ""by_type"": {""car"": 3}}, ""Bogorodica L5"": {""total"": 0, ""by_type"": {}}}",3
186,1,2026-04-29 03:51:03.589090 +00:00,5,1,0,0,0,1,"{""Bogorodica L1"": {""total"": 1, ""by_type"": {""truck"": 1}}, ""Bogorodica L2"": {""total"": 0, ""by_type"": {}}, ""Bogorodica L3"": {""total"": 0, ""by_type"": {}}, ""Bogorodica L4"": {""total"": 0, ""by_type"": {}}, ""Bogorodica L5"": {""total"": 0, ""by_type"": {}}}",3
187,1,2026-04-29 03:56:03.781686 +00:00,5,3,1,0,0,2,"{""Bogorodica L1"": {""total"": 3, ""by_type"": {""car"": 1, ""truck"": 2}}, ""Bogorodica L2"": {""total"": 0, ""by_type"": {}}, ""Bogorodica L3"": {""total"": 0, ""by_type"": {}}, ""Bogorodica L4"": {""total"": 0, ""by_type"": {}}, ""Bogorodica L5"": {""total"": 0, ""by_type"": {}}}",3
188,1,2026-04-29 04:01:03.996572 +00:00,5,2,0,0,0,2,"{""Bogorodica L1"": {""total"": 2, ""by_type"": {""truck"": 2}}, ""Bogorodica L2"": {""total"": 0, ""by_type"": {}}, ""Bogorodica L3"": {""total"": 0, ""by_type"": {}}, ""Bogorodica L4"": {""total"": 0, ""by_type"": {}}, ""Bogorodica L5"": {""total"": 0, ""by_type"": {}}}",3
189,1,2026-04-29 04:06:04.035200 +00:00,5,4,0,0,1,3,"{""Bogorodica L1"": {""total"": 4, ""by_type"": {""bus"": 1, ""truck"": 3}}, ""Bogorodica L2"": {""total"": 0, ""by_type"": {}}, ""Bogorodica L3"": {""total"": 0, ""by_type"": {}}, ""Bogorodica L4"": {""total"": 0, ""by_type"": {}}, ""Bogorodica L5"": {""total"": 0, ""by_type"": {}}}",3
190,1,2026-04-29 04:11:04.257231 +00:00,5,1,0,0,0,1,"{""Bogorodica L1"": {""total"": 1, ""by_type"": {""truck"": 1}}, ""Bogorodica L2"": {""total"": 0, ""by_type"": {}}, ""Bogorodica L3"": {""total"": 0, ""by_type"": {}}, ""Bogorodica L4"": {""total"": 0, ""by_type"": {}}, ""Bogorodica L5"": {""total"": 0, ""by_type"": {}}}",3
191,1,2026-04-29 04:16:04.353003 +00:00,5,2,0,0,0,2,"{""Bogorodica L1"": {""total"": 2, ""by_type"": {""truck"": 2}}, ""Bogorodica L2"": {""total"": 0, ""by_type"": {}}, ""Bogorodica L3"": {""total"": 0, ""by_type"": {}}, ""Bogorodica L4"": {""total"": 0, ""by_type"": {}}, ""Bogorodica L5"": {""total"": 0, ""by_type"": {}}}",3
192,1,2026-04-29 04:21:04.507228 +00:00,5,2,0,0,1,1,"{""Bogorodica L1"": {""total"": 1, ""by_type"": {""truck"": 1}}, ""Bogorodica L2"": {""total"": 1, ""by_type"": {""bus"": 1}}, ""Bogorodica L3"": {""total"": 0, ""by_type"": {}}, ""Bogorodica L4"": {""total"": 0, ""by_type"": {}}, ""Bogorodica L5"": {""total"": 0, ""by_type"": {}}}",3
193,1,2026-04-29 04:26:04.873567 +00:00,5,1,0,0,0,1,"{""Bogorodica L1"": {""total"": 1, ""by_type"": {""truck"": 1}}, ""Bogorodica L2"": {""total"": 0, ""by_type"": {}}, ""Bogorodica L3"": {""total"": 0, ""by_type"": {}}, ""Bogorodica L4"": {""total"": 0, ""by_type"": {}}, ""Bogorodica L5"": {""total"": 0, ""by_type"": {}}}",3
194,1,2026-04-29 04:31:04.961159 +00:00,5,0,0,0,0,0,"{""Bogorodica L1"": {""total"": 0, ""by_type"": {}}, ""Bogorodica L2"": {""total"": 0, ""by_type"": {}}, ""Bogorodica L3"": {""total"": 0, ""by_type"": {}}, ""Bogorodica L4"": {""total"": 0, ""by_type"": {}}, ""Bogorodica L5"": {""total"": 0, ""by_type"": {}}}",3
195,1,2026-04-29 04:36:05.096668 +00:00,5,3,0,0,0,3,"{""Bogorodica L1"": {""total"": 3, ""by_type"": {""truck"": 3}}, ""Bogorodica L2"": {""total"": 0, ""by_type"": {}}, ""Bogorodica L3"": {""total"": 0, ""by_type"": {}}, ""Bogorodica L4"": {""total"": 0, ""by_type"": {}}, ""Bogorodica L5"": {""total"": 0, ""by_type"": {}}}",3
196,1,2026-04-29 04:41:05.282921 +00:00,5,4,1,0,0,3,"{""Bogorodica L1"": {""total"": 3, ""by_type"": {""truck"": 3}}, ""Bogorodica L2"": {""total"": 0, ""by_type"": {}}, ""Bogorodica L3"": {""total"": 0, ""by_type"": {}}, ""Bogorodica L4"": {""total"": 1, ""by_type"": {""car"": 1}}, ""Bogorodica L5"": {""total"": 0, ""by_type"": {}}}",3
197,1,2026-04-29 04:46:05.634028 +00:00,5,4,1,0,0,3,"{""Bogorodica L1"": {""total"": 3, ""by_type"": {""truck"": 3}}, ""Bogorodica L2"": {""total"": 0, ""by_type"": {}}, ""Bogorodica L3"": {""total"": 0, ""by_type"": {}}, ""Bogorodica L4"": {""total"": 0, ""by_type"": {}}, ""Bogorodica L5"": {""total"": 1, ""by_type"": {""car"": 1}}}",3
198,1,2026-04-29 04:51:05.774889 +00:00,5,5,5,0,0,0,"{""Bogorodica L1"": {""total"": 0, ""by_type"": {}}, ""Bogorodica L2"": {""total"": 0, ""by_type"": {}}, ""Bogorodica L3"": {""total"": 0, ""by_type"": {}}, ""Bogorodica L4"": {""total"": 5, ""by_type"": {""car"": 5}}, ""Bogorodica L5"": {""total"": 0, ""by_type"": {}}}",3
199,1,2026-04-29 04:56:06.132737 +00:00,5,5,3,0,0,2,"{""Bogorodica L1"": {""total"": 2, ""by_type"": {""truck"": 2}}, ""Bogorodica L2"": {""total"": 0, ""by_type"": {}}, ""Bogorodica L3"": {""total"": 0, ""by_type"": {}}, ""Bogorodica L4"": {""total"": 3, ""by_type"": {""car"": 3}}, ""Bogorodica L5"": {""total"": 0, ""by_type"": {}}}",3
200,1,2026-04-29 05:01:06.468478 +00:00,5,6,2,0,0,4,"{""Bogorodica L1"": {""total"": 4, ""by_type"": {""truck"": 4}}, ""Bogorodica L2"": {""total"": 0, ""by_type"": {}}, ""Bogorodica L3"": {""total"": 0, ""by_type"": {}}, ""Bogorodica L4"": {""total"": 0, ""by_type"": {}}, ""Bogorodica L5"": {""total"": 2, ""by_type"": {""car"": 2}}}",3
201,1,2026-04-29 05:06:06.756678 +00:00,5,9,6,0,0,3,"{""Bogorodica L1"": {""total"": 2, ""by_type"": {""truck"": 2}}, ""Bogorodica L2"": {""total"": 0, ""by_type"": {}}, ""Bogorodica L3"": {""total"": 0, ""by_type"": {}}, ""Bogorodica L4"": {""total"": 6, ""by_type"": {""car"": 5, ""truck"": 1}}, ""Bogorodica L5"": {""total"": 1, ""by_type"": {""car"": 1}}}",3
202,1,2026-04-29 05:11:07.079094 +00:00,5,6,1,0,0,5,"{""Bogorodica L1"": {""total"": 5, ""by_type"": {""truck"": 5}}, ""Bogorodica L2"": {""total"": 0, ""by_type"": {}}, ""Bogorodica L3"": {""total"": 0, ""by_type"": {}}, ""Bogorodica L4"": {""total"": 0, ""by_type"": {}}, ""Bogorodica L5"": {""total"": 1, ""by_type"": {""car"": 1}}}",3
203,1,2026-04-29 05:16:07.220105 +00:00,5,2,0,0,0,2,"{""Bogorodica L1"": {""total"": 2, ""by_type"": {""truck"": 2}}, ""Bogorodica L2"": {""total"": 0, ""by_type"": {}}, ""Bogorodica L3"": {""total"": 0, ""by_type"": {}}, ""Bogorodica L4"": {""total"": 0, ""by_type"": {}}, ""Bogorodica L5"": {""total"": 0, ""by_type"": {}}}",3
204,1,2026-04-29 05:21:07.378870 +00:00,5,1,0,0,0,1,"{""Bogorodica L1"": {""total"": 1, ""by_type"": {""truck"": 1}}, ""Bogorodica L2"": {""total"": 0, ""by_type"": {}}, ""Bogorodica L3"": {""total"": 0, ""by_type"": {}}, ""Bogorodica L4"": {""total"": 0, ""by_type"": {}}, ""Bogorodica L5"": {""total"": 0, ""by_type"": {}}}",3
205,1,2026-04-29 05:26:07.704237 +00:00,5,5,0,0,0,5,"{""Bogorodica L1"": {""total"": 5, ""by_type"": {""truck"": 5}}, ""Bogorodica L2"": {""total"": 0, ""by_type"": {}}, ""Bogorodica L3"": {""total"": 0, ""by_type"": {}}, ""Bogorodica L4"": {""total"": 0, ""by_type"": {}}, ""Bogorodica L5"": {""total"": 0, ""by_type"": {}}}",3
206,1,2026-04-29 05:31:08.050458 +00:00,5,3,0,0,0,3,"{""Bogorodica L1"": {""total"": 3, ""by_type"": {""truck"": 3}}, ""Bogorodica L2"": {""total"": 0, ""by_type"": {}}, ""Bogorodica L3"": {""total"": 0, ""by_type"": {}}, ""Bogorodica L4"": {""total"": 0, ""by_type"": {}}, ""Bogorodica L5"": {""total"": 0, ""by_type"": {}}}",2.5
207,1,2026-04-29 05:36:08.287250 +00:00,5,5,1,0,0,4,"{""Bogorodica L1"": {""total"": 5, ""by_type"": {""car"": 1, ""truck"": 4}}, ""Bogorodica L2"": {""total"": 0, ""by_type"": {}}, ""Bogorodica L3"": {""total"": 0, ""by_type"": {}}, ""Bogorodica L4"": {""total"": 0, ""by_type"": {}}, ""Bogorodica L5"": {""total"": 0, ""by_type"": {}}}",3
208,1,2026-04-29 05:41:08.290178 +00:00,5,3,0,0,0,3,"{""Bogorodica L1"": {""total"": 3, ""by_type"": {""truck"": 3}}, ""Bogorodica L2"": {""total"": 0, ""by_type"": {}}, ""Bogorodica L3"": {""total"": 0, ""by_type"": {}}, ""Bogorodica L4"": {""total"": 0, ""by_type"": {}}, ""Bogorodica L5"": {""total"": 0, ""by_type"": {}}}",3
209,1,2026-04-29 05:46:08.459429 +00:00,5,2,0,0,0,2,"{""Bogorodica L1"": {""total"": 2, ""by_type"": {""truck"": 2}}, ""Bogorodica L2"": {""total"": 0, ""by_type"": {}}, ""Bogorodica L3"": {""total"": 0, ""by_type"": {}}, ""Bogorodica L4"": {""total"": 0, ""by_type"": {}}, ""Bogorodica L5"": {""total"": 0, ""by_type"": {}}}",3
210,1,2026-04-29 05:51:08.718455 +00:00,5,2,0,0,0,2,"{""Bogorodica L1"": {""total"": 2, ""by_type"": {""truck"": 2}}, ""Bogorodica L2"": {""total"": 0, ""by_type"": {}}, ""Bogorodica L3"": {""total"": 0, ""by_type"": {}}, ""Bogorodica L4"": {""total"": 0, ""by_type"": {}}, ""Bogorodica L5"": {""total"": 0, ""by_type"": {}}}",3
211,1,2026-04-29 05:56:08.792656 +00:00,5,4,0,0,0,4,"{""Bogorodica L1"": {""total"": 4, ""by_type"": {""truck"": 4}}, ""Bogorodica L2"": {""total"": 0, ""by_type"": {}}, ""Bogorodica L3"": {""total"": 0, ""by_type"": {}}, ""Bogorodica L4"": {""total"": 0, ""by_type"": {}}, ""Bogorodica L5"": {""total"": 0, ""by_type"": {}}}",3
212,1,2026-04-29 06:01:08.814903 +00:00,5,6,3,0,0,3,"{""Bogorodica L1"": {""total"": 2, ""by_type"": {""truck"": 2}}, ""Bogorodica L2"": {""total"": 1, ""by_type"": {""truck"": 1}}, ""Bogorodica L3"": {""total"": 0, ""by_type"": {}}, ""Bogorodica L4"": {""total"": 1, ""by_type"": {""car"": 1}}, ""Bogorodica L5"": {""total"": 2, ""by_type"": {""car"": 2}}}",3
213,1,2026-04-29 06:06:08.910486 +00:00,5,1,0,0,0,1,"{""Bogorodica L1"": {""total"": 1, ""by_type"": {""truck"": 1}}, ""Bogorodica L2"": {""total"": 0, ""by_type"": {}}, ""Bogorodica L3"": {""total"": 0, ""by_type"": {}}, ""Bogorodica L4"": {""total"": 0, ""by_type"": {}}, ""Bogorodica L5"": {""total"": 0, ""by_type"": {}}}",3
214,1,2026-04-29 06:11:09.163802 +00:00,5,5,0,0,0,5,"{""Bogorodica L1"": {""total"": 3, ""by_type"": {""truck"": 3}}, ""Bogorodica L2"": {""total"": 2, ""by_type"": {""truck"": 2}}, ""Bogorodica L3"": {""total"": 0, ""by_type"": {}}, ""Bogorodica L4"": {""total"": 0, ""by_type"": {}}, ""Bogorodica L5"": {""total"": 0, ""by_type"": {}}}",3
215,1,2026-04-29 06:16:09.336797 +00:00,5,2,0,0,0,2,"{""Bogorodica L1"": {""total"": 2, ""by_type"": {""truck"": 2}}, ""Bogorodica L2"": {""total"": 0, ""by_type"": {}}, ""Bogorodica L3"": {""total"": 0, ""by_type"": {}}, ""Bogorodica L4"": {""total"": 0, ""by_type"": {}}, ""Bogorodica L5"": {""total"": 0, ""by_type"": {}}}",2.5
216,1,2026-04-29 06:21:09.629143 +00:00,5,1,0,0,0,1,"{""Bogorodica L1"": {""total"": 0, ""by_type"": {}}, ""Bogorodica L2"": {""total"": 1, ""by_type"": {""truck"": 1}}, ""Bogorodica L3"": {""total"": 0, ""by_type"": {}}, ""Bogorodica L4"": {""total"": 0, ""by_type"": {}}, ""Bogorodica L5"": {""total"": 0, ""by_type"": {}}}",3
217,1,2026-04-29 06:26:09.836432 +00:00,5,3,0,0,0,3,"{""Bogorodica L1"": {""total"": 3, ""by_type"": {""truck"": 3}}, ""Bogorodica L2"": {""total"": 0, ""by_type"": {}}, ""Bogorodica L3"": {""total"": 0, ""by_type"": {}}, ""Bogorodica L4"": {""total"": 0, ""by_type"": {}}, ""Bogorodica L5"": {""total"": 0, ""by_type"": {}}}",3
218,1,2026-04-29 06:31:09.930634 +00:00,5,6,1,0,0,5,"{""Bogorodica L1"": {""total"": 5, ""by_type"": {""truck"": 5}}, ""Bogorodica L2"": {""total"": 0, ""by_type"": {}}, ""Bogorodica L3"": {""total"": 0, ""by_type"": {}}, ""Bogorodica L4"": {""total"": 1, ""by_type"": {""car"": 1}}, ""Bogorodica L5"": {""total"": 0, ""by_type"": {}}}",3
219,1,2026-04-29 06:39:47.196864 +00:00,5,4,0,0,0,4,"{""Bogorodica L1"": {""total"": 4, ""by_type"": {""truck"": 4}}, ""Bogorodica L2"": {""total"": 0, ""by_type"": {}}, ""Bogorodica L3"": {""total"": 0, ""by_type"": {}}, ""Bogorodica L4"": {""total"": 0, ""by_type"": {}}, ""Bogorodica L5"": {""total"": 0, ""by_type"": {}}}",2.5
220,1,2026-04-29 06:44:47.529397 +00:00,5,3,1,0,0,2,"{""Bogorodica L1"": {""total"": 2, ""by_type"": {""truck"": 2}}, ""Bogorodica L2"": {""total"": 0, ""by_type"": {}}, ""Bogorodica L3"": {""total"": 0, ""by_type"": {}}, ""Bogorodica L4"": {""total"": 0, ""by_type"": {}}, ""Bogorodica L5"": {""total"": 1, ""by_type"": {""car"": 1}}}",3
221,1,2026-04-29 06:49:47.905938 +00:00,5,0,0,0,0,0,"{""Bogorodica L1"": {""total"": 0, ""by_type"": {}}, ""Bogorodica L2"": {""total"": 0, ""by_type"": {}}, ""Bogorodica L3"": {""total"": 0, ""by_type"": {}}, ""Bogorodica L4"": {""total"": 0, ""by_type"": {}}, ""Bogorodica L5"": {""total"": 0, ""by_type"": {}}}",2.5
222,1,2026-04-29 06:54:48.054056 +00:00,5,0,0,0,0,0,"{""Bogorodica L1"": {""total"": 0, ""by_type"": {}}, ""Bogorodica L2"": {""total"": 0, ""by_type"": {}}, ""Bogorodica L3"": {""total"": 0, ""by_type"": {}}, ""Bogorodica L4"": {""total"": 0, ""by_type"": {}}, ""Bogorodica L5"": {""total"": 0, ""by_type"": {}}}",2.5
223,1,2026-04-29 06:59:48.137590 +00:00,5,0,0,0,0,0,"{""Bogorodica L1"": {""total"": 0, ""by_type"": {}}, ""Bogorodica L2"": {""total"": 0, ""by_type"": {}}, ""Bogorodica L3"": {""total"": 0, ""by_type"": {}}, ""Bogorodica L4"": {""total"": 0, ""by_type"": {}}, ""Bogorodica L5"": {""total"": 0, ""by_type"": {}}}",3
224,1,2026-04-29 07:04:48.380598 +00:00,5,1,0,0,0,1,"{""Bogorodica L1"": {""total"": 1, ""by_type"": {""truck"": 1}}, ""Bogorodica L2"": {""total"": 0, ""by_type"": {}}, ""Bogorodica L3"": {""total"": 0, ""by_type"": {}}, ""Bogorodica L4"": {""total"": 0, ""by_type"": {}}, ""Bogorodica L5"": {""total"": 0, ""by_type"": {}}}",3
225,1,2026-04-29 07:09:49.164844 +00:00,5,2,0,0,0,2,"{""Bogorodica L1"": {""total"": 2, ""by_type"": {""truck"": 2}}, ""Bogorodica L2"": {""total"": 0, ""by_type"": {}}, ""Bogorodica L3"": {""total"": 0, ""by_type"": {}}, ""Bogorodica L4"": {""total"": 0, ""by_type"": {}}, ""Bogorodica L5"": {""total"": 0, ""by_type"": {}}}",1.5
226,1,2026-04-29 07:14:49.566106 +00:00,5,0,0,0,0,0,"{""Bogorodica L1"": {""total"": 0, ""by_type"": {}}, ""Bogorodica L2"": {""total"": 0, ""by_type"": {}}, ""Bogorodica L3"": {""total"": 0, ""by_type"": {}}, ""Bogorodica L4"": {""total"": 0, ""by_type"": {}}, ""Bogorodica L5"": {""total"": 0, ""by_type"": {}}}",2
227,1,2026-04-29 07:19:50.203298 +00:00,5,0,0,0,0,0,"{""Bogorodica L1"": {""total"": 0, ""by_type"": {}}, ""Bogorodica L2"": {""total"": 0, ""by_type"": {}}, ""Bogorodica L3"": {""total"": 0, ""by_type"": {}}, ""Bogorodica L4"": {""total"": 0, ""by_type"": {}}, ""Bogorodica L5"": {""total"": 0, ""by_type"": {}}}",1.5
228,1,2026-04-29 07:24:50.607623 +00:00,5,0,0,0,0,0,"{""Bogorodica L1"": {""total"": 0, ""by_type"": {}}, ""Bogorodica L2"": {""total"": 0, ""by_type"": {}}, ""Bogorodica L3"": {""total"": 0, ""by_type"": {}}, ""Bogorodica L4"": {""total"": 0, ""by_type"": {}}, ""Bogorodica L5"": {""total"": 0, ""by_type"": {}}}",2
229,1,2026-04-29 07:29:51.740583 +00:00,5,0,0,0,0,0,"{""Bogorodica L1"": {""total"": 0, ""by_type"": {}}, ""Bogorodica L2"": {""total"": 0, ""by_type"": {}}, ""Bogorodica L3"": {""total"": 0, ""by_type"": {}}, ""Bogorodica L4"": {""total"": 0, ""by_type"": {}}, ""Bogorodica L5"": {""total"": 0, ""by_type"": {}}}",1.5
230,1,2026-04-29 07:34:54.988315 +00:00,5,4,1,0,0,3,"{""Bogorodica L1"": {""total"": 3, ""by_type"": {""truck"": 3}}, ""Bogorodica L2"": {""total"": 0, ""by_type"": {}}, ""Bogorodica L3"": {""total"": 0, ""by_type"": {}}, ""Bogorodica L4"": {""total"": 0, ""by_type"": {}}, ""Bogorodica L5"": {""total"": 1, ""by_type"": {""car"": 1}}}",0.5
231,1,2026-04-29 07:39:55.040625 +00:00,5,3,1,0,0,2,"{""Bogorodica L1"": {""total"": 2, ""by_type"": {""truck"": 2}}, ""Bogorodica L2"": {""total"": 0, ""by_type"": {}}, ""Bogorodica L3"": {""total"": 0, ""by_type"": {}}, ""Bogorodica L4"": {""total"": 1, ""by_type"": {""car"": 1}}, ""Bogorodica L5"": {""total"": 0, ""by_type"": {}}}",2.5
232,1,2026-04-29 07:44:55.168947 +00:00,5,0,0,0,0,0,"{""Bogorodica L1"": {""total"": 0, ""by_type"": {}}, ""Bogorodica L2"": {""total"": 0, ""by_type"": {}}, ""Bogorodica L3"": {""total"": 0, ""by_type"": {}}, ""Bogorodica L4"": {""total"": 0, ""by_type"": {}}, ""Bogorodica L5"": {""total"": 0, ""by_type"": {}}}",2.5
233,1,2026-04-29 07:49:55.475668 +00:00,5,4,1,0,0,3,"{""Bogorodica L1"": {""total"": 3, ""by_type"": {""truck"": 3}}, ""Bogorodica L2"": {""total"": 0, ""by_type"": {}}, ""Bogorodica L3"": {""total"": 0, ""by_type"": {}}, ""Bogorodica L4"": {""total"": 0, ""by_type"": {}}, ""Bogorodica L5"": {""total"": 1, ""by_type"": {""car"": 1}}}",3
234,1,2026-04-29 07:54:55.535413 +00:00,5,0,0,0,0,0,"{""Bogorodica L1"": {""total"": 0, ""by_type"": {}}, ""Bogorodica L2"": {""total"": 0, ""by_type"": {}}, ""Bogorodica L3"": {""total"": 0, ""by_type"": {}}, ""Bogorodica L4"": {""total"": 0, ""by_type"": {}}, ""Bogorodica L5"": {""total"": 0, ""by_type"": {}}}",2
235,1,2026-04-29 07:59:55.842305 +00:00,5,1,0,0,0,1,"{""Bogorodica L1"": {""total"": 1, ""by_type"": {""truck"": 1}}, ""Bogorodica L2"": {""total"": 0, ""by_type"": {}}, ""Bogorodica L3"": {""total"": 0, ""by_type"": {}}, ""Bogorodica L4"": {""total"": 0, ""by_type"": {}}, ""Bogorodica L5"": {""total"": 0, ""by_type"": {}}}",2.5
236,1,2026-04-29 08:04:56.181517 +00:00,5,1,0,0,0,1,"{""Bogorodica L1"": {""total"": 0, ""by_type"": {}}, ""Bogorodica L2"": {""total"": 0, ""by_type"": {}}, ""Bogorodica L3"": {""total"": 0, ""by_type"": {}}, ""Bogorodica L4"": {""total"": 1, ""by_type"": {""truck"": 1}}, ""Bogorodica L5"": {""total"": 0, ""by_type"": {}}}",2.5
237,1,2026-04-29 08:09:56.545706 +00:00,5,0,0,0,0,0,"{""Bogorodica L1"": {""total"": 0, ""by_type"": {}}, ""Bogorodica L2"": {""total"": 0, ""by_type"": {}}, ""Bogorodica L3"": {""total"": 0, ""by_type"": {}}, ""Bogorodica L4"": {""total"": 0, ""by_type"": {}}, ""Bogorodica L5"": {""total"": 0, ""by_type"": {}}}",2
238,1,2026-04-29 08:14:56.780786 +00:00,5,2,1,0,0,1,"{""Bogorodica L1"": {""total"": 1, ""by_type"": {""truck"": 1}}, ""Bogorodica L2"": {""total"": 0, ""by_type"": {}}, ""Bogorodica L3"": {""total"": 0, ""by_type"": {}}, ""Bogorodica L4"": {""total"": 1, ""by_type"": {""car"": 1}}, ""Bogorodica L5"": {""total"": 0, ""by_type"": {}}}",3
239,1,2026-04-29 08:19:56.980361 +00:00,5,0,0,0,0,0,"{""Bogorodica L1"": {""total"": 0, ""by_type"": {}}, ""Bogorodica L2"": {""total"": 0, ""by_type"": {}}, ""Bogorodica L3"": {""total"": 0, ""by_type"": {}}, ""Bogorodica L4"": {""total"": 0, ""by_type"": {}}, ""Bogorodica L5"": {""total"": 0, ""by_type"": {}}}",2.5
240,1,2026-04-29 08:24:57.348190 +00:00,5,0,0,0,0,0,"{""Bogorodica L1"": {""total"": 0, ""by_type"": {}}, ""Bogorodica L2"": {""total"": 0, ""by_type"": {}}, ""Bogorodica L3"": {""total"": 0, ""by_type"": {}}, ""Bogorodica L4"": {""total"": 0, ""by_type"": {}}, ""Bogorodica L5"": {""total"": 0, ""by_type"": {}}}",3
241,1,2026-04-29 08:29:57.700781 +00:00,5,1,1,0,0,0,"{""Bogorodica L1"": {""total"": 0, ""by_type"": {}}, ""Bogorodica L2"": {""total"": 0, ""by_type"": {}}, ""Bogorodica L3"": {""total"": 0, ""by_type"": {}}, ""Bogorodica L4"": {""total"": 0, ""by_type"": {}}, ""Bogorodica L5"": {""total"": 1, ""by_type"": {""car"": 1}}}",2
242,1,2026-04-29 08:34:58.082501 +00:00,5,0,0,0,0,0,"{""Bogorodica L1"": {""total"": 0, ""by_type"": {}}, ""Bogorodica L2"": {""total"": 0, ""by_type"": {}}, ""Bogorodica L3"": {""total"": 0, ""by_type"": {}}, ""Bogorodica L4"": {""total"": 0, ""by_type"": {}}, ""Bogorodica L5"": {""total"": 0, ""by_type"": {}}}",2
243,1,2026-04-29 08:39:58.516125 +00:00,5,0,0,0,0,0,"{""Bogorodica L1"": {""total"": 0, ""by_type"": {}}, ""Bogorodica L2"": {""total"": 0, ""by_type"": {}}, ""Bogorodica L3"": {""total"": 0, ""by_type"": {}}, ""Bogorodica L4"": {""total"": 0, ""by_type"": {}}, ""Bogorodica L5"": {""total"": 0, ""by_type"": {}}}",2.5
244,1,2026-04-29 08:44:58.934791 +00:00,5,0,0,0,0,0,"{""Bogorodica L1"": {""total"": 0, ""by_type"": {}}, ""Bogorodica L2"": {""total"": 0, ""by_type"": {}}, ""Bogorodica L3"": {""total"": 0, ""by_type"": {}}, ""Bogorodica L4"": {""total"": 0, ""by_type"": {}}, ""Bogorodica L5"": {""total"": 0, ""by_type"": {}}}",2.5
245,1,2026-04-29 08:49:58.942468 +00:00,5,0,0,0,0,0,"{""Bogorodica L1"": {""total"": 0, ""by_type"": {}}, ""Bogorodica L2"": {""total"": 0, ""by_type"": {}}, ""Bogorodica L3"": {""total"": 0, ""by_type"": {}}, ""Bogorodica L4"": {""total"": 0, ""by_type"": {}}, ""Bogorodica L5"": {""total"": 0, ""by_type"": {}}}",2.5
246,1,2026-04-29 08:55:00.355922 +00:00,5,1,0,0,0,1,"{""Bogorodica L1"": {""total"": 1, ""by_type"": {""truck"": 1}}, ""Bogorodica L2"": {""total"": 0, ""by_type"": {}}, ""Bogorodica L3"": {""total"": 0, ""by_type"": {}}, ""Bogorodica L4"": {""total"": 0, ""by_type"": {}}, ""Bogorodica L5"": {""total"": 0, ""by_type"": {}}}",0.5
247,1,2026-04-29 09:00:00.401163 +00:00,5,0,0,0,0,0,"{""Bogorodica L1"": {""total"": 0, ""by_type"": {}}, ""Bogorodica L2"": {""total"": 0, ""by_type"": {}}, ""Bogorodica L3"": {""total"": 0, ""by_type"": {}}, ""Bogorodica L4"": {""total"": 0, ""by_type"": {}}, ""Bogorodica L5"": {""total"": 0, ""by_type"": {}}}",2.5
248,1,2026-04-29 09:05:00.608043 +00:00,5,3,2,0,1,0,"{""Bogorodica L1"": {""total"": 0, ""by_type"": {}}, ""Bogorodica L2"": {""total"": 2, ""by_type"": {""bus"": 1, ""car"": 1}}, ""Bogorodica L3"": {""total"": 0, ""by_type"": {}}, ""Bogorodica L4"": {""total"": 0, ""by_type"": {}}, ""Bogorodica L5"": {""total"": 1, ""by_type"": {""car"": 1}}}",3
249,1,2026-04-29 09:10:00.852911 +00:00,5,2,0,0,2,0,"{""Bogorodica L1"": {""total"": 0, ""by_type"": {}}, ""Bogorodica L2"": {""total"": 2, ""by_type"": {""bus"": 2}}, ""Bogorodica L3"": {""total"": 0, ""by_type"": {}}, ""Bogorodica L4"": {""total"": 0, ""by_type"": {}}, ""Bogorodica L5"": {""total"": 0, ""by_type"": {}}}",3
250,1,2026-04-29 09:15:01.154358 +00:00,5,3,2,0,1,0,"{""Bogorodica L1"": {""total"": 0, ""by_type"": {}}, ""Bogorodica L2"": {""total"": 1, ""by_type"": {""bus"": 1}}, ""Bogorodica L3"": {""total"": 0, ""by_type"": {}}, ""Bogorodica L4"": {""total"": 0, ""by_type"": {}}, ""Bogorodica L5"": {""total"": 2, ""by_type"": {""car"": 2}}}",3
251,1,2026-04-29 09:20:01.181545 +00:00,5,5,2,0,1,2,"{""Bogorodica L1"": {""total"": 1, ""by_type"": {""truck"": 1}}, ""Bogorodica L2"": {""total"": 1, ""by_type"": {""bus"": 1}}, ""Bogorodica L3"": {""total"": 0, ""by_type"": {}}, ""Bogorodica L4"": {""total"": 0, ""by_type"": {}}, ""Bogorodica L5"": {""total"": 3, ""by_type"": {""car"": 2, ""truck"": 1}}}",3
252,1,2026-04-29 09:25:01.741496 +00:00,5,7,6,0,0,1,"{""Bogorodica L1"": {""total"": 0, ""by_type"": {}}, ""Bogorodica L2"": {""total"": 0, ""by_type"": {}}, ""Bogorodica L3"": {""total"": 0, ""by_type"": {}}, ""Bogorodica L4"": {""total"": 2, ""by_type"": {""car"": 2}}, ""Bogorodica L5"": {""total"": 5, ""by_type"": {""car"": 4, ""truck"": 1}}}",2
253,1,2026-04-29 09:30:01.779633 +00:00,5,11,9,0,0,2,"{""Bogorodica L1"": {""total"": 1, ""by_type"": {""truck"": 1}}, ""Bogorodica L2"": {""total"": 0, ""by_type"": {}}, ""Bogorodica L3"": {""total"": 0, ""by_type"": {}}, ""Bogorodica L4"": {""total"": 5, ""by_type"": {""car"": 4, ""truck"": 1}}, ""Bogorodica L5"": {""total"": 5, ""by_type"": {""car"": 5}}}",2.5
254,1,2026-04-29 09:35:02.994040 +00:00,5,9,9,0,0,0,"{""Bogorodica L1"": {""total"": 0, ""by_type"": {}}, ""Bogorodica L2"": {""total"": 0, ""by_type"": {}}, ""Bogorodica L3"": {""total"": 0, ""by_type"": {}}, ""Bogorodica L4"": {""total"": 4, ""by_type"": {""car"": 4}}, ""Bogorodica L5"": {""total"": 5, ""by_type"": {""car"": 5}}}",1.5
255,1,2026-04-29 09:40:03.430941 +00:00,5,8,8,0,0,0,"{""Bogorodica L1"": {""total"": 0, ""by_type"": {}}, ""Bogorodica L2"": {""total"": 0, ""by_type"": {}}, ""Bogorodica L3"": {""total"": 0, ""by_type"": {}}, ""Bogorodica L4"": {""total"": 3, ""by_type"": {""car"": 3}}, ""Bogorodica L5"": {""total"": 5, ""by_type"": {""car"": 5}}}",2
256,1,2026-04-29 09:45:03.482521 +00:00,5,1,1,0,0,0,"{""Bogorodica L1"": {""total"": 0, ""by_type"": {}}, ""Bogorodica L2"": {""total"": 0, ""by_type"": {}}, ""Bogorodica L3"": {""total"": 0, ""by_type"": {}}, ""Bogorodica L4"": {""total"": 1, ""by_type"": {""car"": 1}}, ""Bogorodica L5"": {""total"": 0, ""by_type"": {}}}",2.5
257,1,2026-04-29 09:50:03.767586 +00:00,5,2,0,0,0,2,"{""Bogorodica L1"": {""total"": 2, ""by_type"": {""truck"": 2}}, ""Bogorodica L2"": {""total"": 0, ""by_type"": {}}, ""Bogorodica L3"": {""total"": 0, ""by_type"": {}}, ""Bogorodica L4"": {""total"": 0, ""by_type"": {}}, ""Bogorodica L5"": {""total"": 0, ""by_type"": {}}}",2.5
258,1,2026-04-29 09:55:04.033695 +00:00,5,1,0,0,0,1,"{""Bogorodica L1"": {""total"": 0, ""by_type"": {}}, ""Bogorodica L2"": {""total"": 1, ""by_type"": {""truck"": 1}}, ""Bogorodica L3"": {""total"": 0, ""by_type"": {}}, ""Bogorodica L4"": {""total"": 0, ""by_type"": {}}, ""Bogorodica L5"": {""total"": 0, ""by_type"": {}}}",3
259,1,2026-04-29 10:00:04.136800 +00:00,5,2,1,0,0,1,"{""Bogorodica L1"": {""total"": 1, ""by_type"": {""truck"": 1}}, ""Bogorodica L2"": {""total"": 0, ""by_type"": {}}, ""Bogorodica L3"": {""total"": 0, ""by_type"": {}}, ""Bogorodica L4"": {""total"": 0, ""by_type"": {}}, ""Bogorodica L5"": {""total"": 1, ""by_type"": {""car"": 1}}}",3
260,1,2026-04-29 10:05:04.364611 +00:00,5,1,0,0,1,0,"{""Bogorodica L1"": {""total"": 1, ""by_type"": {""bus"": 1}}, ""Bogorodica L2"": {""total"": 0, ""by_type"": {}}, ""Bogorodica L3"": {""total"": 0, ""by_type"": {}}, ""Bogorodica L4"": {""total"": 0, ""by_type"": {}}, ""Bogorodica L5"": {""total"": 0, ""by_type"": {}}}",3
261,1,2026-04-29 10:10:05.754126 +00:00,5,2,0,0,1,1,"{""Bogorodica L1"": {""total"": 1, ""by_type"": {""truck"": 1}}, ""Bogorodica L2"": {""total"": 1, ""by_type"": {""bus"": 1}}, ""Bogorodica L3"": {""total"": 0, ""by_type"": {}}, ""Bogorodica L4"": {""total"": 0, ""by_type"": {}}, ""Bogorodica L5"": {""total"": 0, ""by_type"": {}}}",3
262,1,2026-04-29 10:15:06.054638 +00:00,5,1,1,0,0,0,"{""Bogorodica L1"": {""total"": 0, ""by_type"": {}}, ""Bogorodica L2"": {""total"": 0, ""by_type"": {}}, ""Bogorodica L3"": {""total"": 0, ""by_type"": {}}, ""Bogorodica L4"": {""total"": 0, ""by_type"": {}}, ""Bogorodica L5"": {""total"": 1, ""by_type"": {""car"": 1}}}",3
263,1,2026-04-29 10:20:06.428528 +00:00,5,2,1,0,0,1,"{""Bogorodica L1"": {""total"": 1, ""by_type"": {""truck"": 1}}, ""Bogorodica L2"": {""total"": 0, ""by_type"": {}}, ""Bogorodica L3"": {""total"": 0, ""by_type"": {}}, ""Bogorodica L4"": {""total"": 0, ""by_type"": {}}, ""Bogorodica L5"": {""total"": 1, ""by_type"": {""car"": 1}}}",2.5
264,1,2026-04-29 10:25:06.610161 +00:00,5,3,0,0,0,3,"{""Bogorodica L1"": {""total"": 3, ""by_type"": {""truck"": 3}}, ""Bogorodica L2"": {""total"": 0, ""by_type"": {}}, ""Bogorodica L3"": {""total"": 0, ""by_type"": {}}, ""Bogorodica L4"": {""total"": 0, ""by_type"": {}}, ""Bogorodica L5"": {""total"": 0, ""by_type"": {}}}",2.5
265,1,2026-04-29 10:30:06.634356 +00:00,5,2,0,0,0,2,"{""Bogorodica L1"": {""total"": 2, ""by_type"": {""truck"": 2}}, ""Bogorodica L2"": {""total"": 0, ""by_type"": {}}, ""Bogorodica L3"": {""total"": 0, ""by_type"": {}}, ""Bogorodica L4"": {""total"": 0, ""by_type"": {}}, ""Bogorodica L5"": {""total"": 0, ""by_type"": {}}}",2.5
266,1,2026-04-29 10:35:06.951903 +00:00,5,1,0,0,0,1,"{""Bogorodica L1"": {""total"": 0, ""by_type"": {}}, ""Bogorodica L2"": {""total"": 0, ""by_type"": {}}, ""Bogorodica L3"": {""total"": 0, ""by_type"": {}}, ""Bogorodica L4"": {""total"": 0, ""by_type"": {}}, ""Bogorodica L5"": {""total"": 1, ""by_type"": {""truck"": 1}}}",2
267,1,2026-04-29 10:40:06.998831 +00:00,5,1,1,0,0,0,"{""Bogorodica L1"": {""total"": 0, ""by_type"": {}}, ""Bogorodica L2"": {""total"": 0, ""by_type"": {}}, ""Bogorodica L3"": {""total"": 0, ""by_type"": {}}, ""Bogorodica L4"": {""total"": 0, ""by_type"": {}}, ""Bogorodica L5"": {""total"": 1, ""by_type"": {""car"": 1}}}",2
268,1,2026-04-29 10:45:07.177470 +00:00,5,4,2,0,0,2,"{""Bogorodica L1"": {""total"": 1, ""by_type"": {""truck"": 1}}, ""Bogorodica L2"": {""total"": 0, ""by_type"": {}}, ""Bogorodica L3"": {""total"": 0, ""by_type"": {}}, ""Bogorodica L4"": {""total"": 1, ""by_type"": {""truck"": 1}}, ""Bogorodica L5"": {""total"": 2, ""by_type"": {""car"": 2}}}",2.5
269,1,2026-04-29 10:50:07.517861 +00:00,5,3,1,0,0,2,"{""Bogorodica L1"": {""total"": 2, ""by_type"": {""truck"": 2}}, ""Bogorodica L2"": {""total"": 0, ""by_type"": {}}, ""Bogorodica L3"": {""total"": 0, ""by_type"": {}}, ""Bogorodica L4"": {""total"": 1, ""by_type"": {""car"": 1}}, ""Bogorodica L5"": {""total"": 0, ""by_type"": {}}}",3
270,1,2026-04-29 10:55:07.697292 +00:00,5,1,0,0,0,1,"{""Bogorodica L1"": {""total"": 1, ""by_type"": {""truck"": 1}}, ""Bogorodica L2"": {""total"": 0, ""by_type"": {}}, ""Bogorodica L3"": {""total"": 0, ""by_type"": {}}, ""Bogorodica L4"": {""total"": 0, ""by_type"": {}}, ""Bogorodica L5"": {""total"": 0, ""by_type"": {}}}",2.5
271,1,2026-04-29 11:00:07.964404 +00:00,5,2,0,0,0,2,"{""Bogorodica L1"": {""total"": 2, ""by_type"": {""truck"": 2}}, ""Bogorodica L2"": {""total"": 0, ""by_type"": {}}, ""Bogorodica L3"": {""total"": 0, ""by_type"": {}}, ""Bogorodica L4"": {""total"": 0, ""by_type"": {}}, ""Bogorodica L5"": {""total"": 0, ""by_type"": {}}}",2.5
272,1,2026-04-29 11:05:21.028275 +00:00,5,3,1,0,0,2,"{""Bogorodica L1"": {""total"": 2, ""by_type"": {""truck"": 2}}, ""Bogorodica L2"": {""total"": 0, ""by_type"": {}}, ""Bogorodica L3"": {""total"": 0, ""by_type"": {}}, ""Bogorodica L4"": {""total"": 0, ""by_type"": {}}, ""Bogorodica L5"": {""total"": 1, ""by_type"": {""car"": 1}}}",2.5
273,1,2026-04-29 11:10:21.411007 +00:00,5,3,2,0,0,1,"{""Bogorodica L1"": {""total"": 1, ""by_type"": {""truck"": 1}}, ""Bogorodica L2"": {""total"": 0, ""by_type"": {}}, ""Bogorodica L3"": {""total"": 0, ""by_type"": {}}, ""Bogorodica L4"": {""total"": 0, ""by_type"": {}}, ""Bogorodica L5"": {""total"": 2, ""by_type"": {""car"": 2}}}",2.5
274,1,2026-04-29 11:15:21.525044 +00:00,5,2,0,0,0,2,"{""Bogorodica L1"": {""total"": 2, ""by_type"": {""truck"": 2}}, ""Bogorodica L2"": {""total"": 0, ""by_type"": {}}, ""Bogorodica L3"": {""total"": 0, ""by_type"": {}}, ""Bogorodica L4"": {""total"": 0, ""by_type"": {}}, ""Bogorodica L5"": {""total"": 0, ""by_type"": {}}}",3
275,1,2026-04-29 11:20:21.812909 +00:00,5,1,0,0,0,1,"{""Bogorodica L1"": {""total"": 1, ""by_type"": {""truck"": 1}}, ""Bogorodica L2"": {""total"": 0, ""by_type"": {}}, ""Bogorodica L3"": {""total"": 0, ""by_type"": {}}, ""Bogorodica L4"": {""total"": 0, ""by_type"": {}}, ""Bogorodica L5"": {""total"": 0, ""by_type"": {}}}",2
276,1,2026-04-29 11:25:22.287840 +00:00,5,2,1,0,0,1,"{""Bogorodica L1"": {""total"": 1, ""by_type"": {""truck"": 1}}, ""Bogorodica L2"": {""total"": 0, ""by_type"": {}}, ""Bogorodica L3"": {""total"": 0, ""by_type"": {}}, ""Bogorodica L4"": {""total"": 0, ""by_type"": {}}, ""Bogorodica L5"": {""total"": 1, ""by_type"": {""car"": 1}}}",2
277,1,2026-04-29 11:30:22.782421 +00:00,5,5,1,0,0,4,"{""Bogorodica L1"": {""total"": 3, ""by_type"": {""truck"": 3}}, ""Bogorodica L2"": {""total"": 0, ""by_type"": {}}, ""Bogorodica L3"": {""total"": 0, ""by_type"": {}}, ""Bogorodica L4"": {""total"": 0, ""by_type"": {}}, ""Bogorodica L5"": {""total"": 2, ""by_type"": {""car"": 1, ""truck"": 1}}}",1.5
278,1,2026-04-29 11:35:22.889705 +00:00,5,10,7,0,0,3,"{""Bogorodica L1"": {""total"": 2, ""by_type"": {""truck"": 2}}, ""Bogorodica L2"": {""total"": 0, ""by_type"": {}}, ""Bogorodica L3"": {""total"": 0, ""by_type"": {}}, ""Bogorodica L4"": {""total"": 1, ""by_type"": {""car"": 1}}, ""Bogorodica L5"": {""total"": 7, ""by_type"": {""car"": 6, ""truck"": 1}}}",2.5
279,1,2026-04-29 11:40:23.222159 +00:00,5,6,4,0,0,2,"{""Bogorodica L1"": {""total"": 2, ""by_type"": {""truck"": 2}}, ""Bogorodica L2"": {""total"": 0, ""by_type"": {}}, ""Bogorodica L3"": {""total"": 0, ""by_type"": {}}, ""Bogorodica L4"": {""total"": 2, ""by_type"": {""car"": 2}}, ""Bogorodica L5"": {""total"": 2, ""by_type"": {""car"": 2}}}",2.5
280,1,2026-04-29 11:45:23.919719 +00:00,5,2,1,0,0,1,"{""Bogorodica L1"": {""total"": 1, ""by_type"": {""truck"": 1}}, ""Bogorodica L2"": {""total"": 0, ""by_type"": {}}, ""Bogorodica L3"": {""total"": 0, ""by_type"": {}}, ""Bogorodica L4"": {""total"": 1, ""by_type"": {""car"": 1}}, ""Bogorodica L5"": {""total"": 0, ""by_type"": {}}}",2
281,1,2026-04-29 11:50:23.966643 +00:00,5,0,0,0,0,0,"{""Bogorodica L1"": {""total"": 0, ""by_type"": {}}, ""Bogorodica L2"": {""total"": 0, ""by_type"": {}}, ""Bogorodica L3"": {""total"": 0, ""by_type"": {}}, ""Bogorodica L4"": {""total"": 0, ""by_type"": {}}, ""Bogorodica L5"": {""total"": 0, ""by_type"": {}}}",2.5
282,1,2026-04-29 11:55:24.548347 +00:00,5,1,0,0,0,1,"{""Bogorodica L1"": {""total"": 1, ""by_type"": {""truck"": 1}}, ""Bogorodica L2"": {""total"": 0, ""by_type"": {}}, ""Bogorodica L3"": {""total"": 0, ""by_type"": {}}, ""Bogorodica L4"": {""total"": 0, ""by_type"": {}}, ""Bogorodica L5"": {""total"": 0, ""by_type"": {}}}",1.5
283,1,2026-04-29 12:00:24.670966 +00:00,5,4,3,1,0,0,"{""Bogorodica L1"": {""total"": 0, ""by_type"": {}}, ""Bogorodica L2"": {""total"": 0, ""by_type"": {}}, ""Bogorodica L3"": {""total"": 0, ""by_type"": {}}, ""Bogorodica L4"": {""total"": 0, ""by_type"": {}}, ""Bogorodica L5"": {""total"": 4, ""by_type"": {""car"": 3, ""motorcycle"": 1}}}",2.5
284,1,2026-04-29 12:05:24.930861 +00:00,5,4,4,0,0,0,"{""Bogorodica L1"": {""total"": 0, ""by_type"": {}}, ""Bogorodica L2"": {""total"": 0, ""by_type"": {}}, ""Bogorodica L3"": {""total"": 0, ""by_type"": {}}, ""Bogorodica L4"": {""total"": 0, ""by_type"": {}}, ""Bogorodica L5"": {""total"": 4, ""by_type"": {""car"": 4}}}",2
285,1,2026-04-29 12:10:25.381763 +00:00,5,7,7,0,0,0,"{""Bogorodica L1"": {""total"": 0, ""by_type"": {}}, ""Bogorodica L2"": {""total"": 0, ""by_type"": {}}, ""Bogorodica L3"": {""total"": 0, ""by_type"": {}}, ""Bogorodica L4"": {""total"": 0, ""by_type"": {}}, ""Bogorodica L5"": {""total"": 7, ""by_type"": {""car"": 7}}}",2.5
286,1,2026-04-29 12:15:25.586426 +00:00,5,2,0,0,0,2,"{""Bogorodica L1"": {""total"": 2, ""by_type"": {""truck"": 2}}, ""Bogorodica L2"": {""total"": 0, ""by_type"": {}}, ""Bogorodica L3"": {""total"": 0, ""by_type"": {}}, ""Bogorodica L4"": {""total"": 0, ""by_type"": {}}, ""Bogorodica L5"": {""total"": 0, ""by_type"": {}}}",2.5
287,1,2026-04-29 12:20:25.824917 +00:00,5,0,0,0,0,0,"{""Bogorodica L1"": {""total"": 0, ""by_type"": {}}, ""Bogorodica L2"": {""total"": 0, ""by_type"": {}}, ""Bogorodica L3"": {""total"": 0, ""by_type"": {}}, ""Bogorodica L4"": {""total"": 0, ""by_type"": {}}, ""Bogorodica L5"": {""total"": 0, ""by_type"": {}}}",3
288,1,2026-04-29 12:25:26.134157 +00:00,5,2,2,0,0,0,"{""Bogorodica L1"": {""total"": 0, ""by_type"": {}}, ""Bogorodica L2"": {""total"": 0, ""by_type"": {}}, ""Bogorodica L3"": {""total"": 0, ""by_type"": {}}, ""Bogorodica L4"": {""total"": 0, ""by_type"": {}}, ""Bogorodica L5"": {""total"": 2, ""by_type"": {""car"": 2}}}",2
289,1,2026-04-29 12:30:26.260731 +00:00,5,8,6,0,0,2,"{""Bogorodica L1"": {""total"": 0, ""by_type"": {}}, ""Bogorodica L2"": {""total"": 0, ""by_type"": {}}, ""Bogorodica L3"": {""total"": 0, ""by_type"": {}}, ""Bogorodica L4"": {""total"": 0, ""by_type"": {}}, ""Bogorodica L5"": {""total"": 8, ""by_type"": {""car"": 6, ""truck"": 2}}}",2
290,1,2026-04-29 12:35:26.291706 +00:00,5,7,6,0,0,1,"{""Bogorodica L1"": {""total"": 0, ""by_type"": {}}, ""Bogorodica L2"": {""total"": 0, ""by_type"": {}}, ""Bogorodica L3"": {""total"": 0, ""by_type"": {}}, ""Bogorodica L4"": {""total"": 0, ""by_type"": {}}, ""Bogorodica L5"": {""total"": 7, ""by_type"": {""car"": 6, ""truck"": 1}}}",2.5
291,1,2026-04-29 12:40:26.341032 +00:00,5,1,0,0,0,1,"{""Bogorodica L1"": {""total"": 0, ""by_type"": {}}, ""Bogorodica L2"": {""total"": 0, ""by_type"": {}}, ""Bogorodica L3"": {""total"": 0, ""by_type"": {}}, ""Bogorodica L4"": {""total"": 0, ""by_type"": {}}, ""Bogorodica L5"": {""total"": 1, ""by_type"": {""truck"": 1}}}",2
292,1,2026-04-29 12:45:26.568758 +00:00,5,0,0,0,0,0,"{""Bogorodica L1"": {""total"": 0, ""by_type"": {}}, ""Bogorodica L2"": {""total"": 0, ""by_type"": {}}, ""Bogorodica L3"": {""total"": 0, ""by_type"": {}}, ""Bogorodica L4"": {""total"": 0, ""by_type"": {}}, ""Bogorodica L5"": {""total"": 0, ""by_type"": {}}}",2
